instance_id,file_path,location_count,functions,structs,variables,macros,others
050eeedd6c285d8c42f2,crypto/arc4.c,4,crypto_arc4_crypt; crypto_arc4_init; crypto_arc4_setkey,arc4_ctx,,,
050eeedd6c285d8c42f2,crypto/lskcipher.c,4,crypto_lskcipher_crypt; crypto_lskcipher_crypt_sg; crypto_lskcipher_decrypt,lskcipher_alg,,,
050eeedd6c285d8c42f2,crypto/skcipher.c,3,crypto_skcipher_decrypt; crypto_skcipher_setkey,skcipher_alg,,,
050eeedd6c285d8c42f2,crypto/algif_skcipher.c,2,_skcipher_recvmsg; skcipher_recvmsg,,,,
050eeedd6c285d8c42f2,arch/x86/lib/memcpy_64.S,1,memcpy_orig,,,,
1a0a53300ce782f8b3ad,fs/io_uring.c,9,__io_arm_poll_handler; io_do_iopoll; io_iopoll_try_reap_events; io_poll_check_events; io_poll_task_func; io_poll_wake,io_kiocb; io_poll_iocb; io_ring_ctx,,,
a168dbeaaa7778273c1b,drivers/video/fbdev/core/sysfillrect.c,3,bitfill_aligned; sys_fillrect,fb_fillrect,,,
a168dbeaaa7778273c1b,drivers/gpu/drm/drm_fb_helper.c,2,drm_fb_helper_sys_fillrect; drm_fbdev_fb_fillrect,,,,
a168dbeaaa7778273c1b,drivers/video/fbdev/core/bitblit.c,1,bit_clear_margins,,,,
a168dbeaaa7778273c1b,drivers/video/fbdev/core/fbcon.c,3,fbcon_clear_margins; fbcon_do_set_font; fbcon_set_font,,,,
a168dbeaaa7778273c1b,include/linux/string.h,1,memset_l,,,,
a168dbeaaa7778273c1b,arch/x86/include/asm/string_64.h,1,memset64,,,,
10e27961f4da37c443b2,kernel/dma/mapping.c,3,__dma_map_sg_attrs; dma_map_sgtable,dma_devres,,,
10e27961f4da37c443b2,drivers/dma-buf/udmabuf.c,3,begin_cpu_udmabuf; get_sg_table,udmabuf,,,
10e27961f4da37c443b2,drivers/dma-buf/dma-buf.c,3,dma_buf_begin_cpu_access; dma_buf_ioctl,dma_buf,,,
10e27961f4da37c443b2,include/linux/dma-mapping.h,2,dma_map_sg_attrs,,,DMA_ATTR_SKIP_CPU_SYNC,
1fa91bcd05206ff8cbb5,include/linux/skmsg.h,3,sk_psock_get; sk_psock_put,sk_psock,,,
1fa91bcd05206ff8cbb5,include/linux/refcount.h,3,refcount_inc_not_zero; refcount_read,refcount_struct,,,
1fa91bcd05206ff8cbb5,include/linux/instrumented.h,1,instrument_atomic_read,,,,
1fa91bcd05206ff8cbb5,include/linux/atomic/atomic-instrumented.h,1,atomic_read,,,,
1fa91bcd05206ff8cbb5,net/core/skmsg.c,2,sk_psock_destroy; sk_psock_init,,,,
1fa91bcd05206ff8cbb5,mm/kasan/generic.c,2,check_region_inline; kasan_check_range,,,,
1fa91bcd05206ff8cbb5,mm/slab.h,2,slab_address; slab_test_pfmemalloc,,,,
a76f6a6e524cf2080aa3,fs/fscache/volume.c,5,__fscache_acquire_volume; fscache_alloc_volume; fscache_hash_volume; fscache_volume_same,fscache_volume,,,
a76f6a6e524cf2080aa3,fs/9p/cache.c,1,v9fs_cache_session_get_cookie,,,,
a76f6a6e524cf2080aa3,include/linux/fscache.h,2,,fscache_volume,,fscache_acquire_volume,
a76f6a6e524cf2080aa3,lib/string.c,1,memcmp,,,,
a76f6a6e524cf2080aa3,include/linux/fortify-string.h,1,,,,__underlying_memcmp,
283ce5a46486d6acdbaf,fs/open.c,4,__fput; filp_close; fput; fput_many,,,,
283ce5a46486d6acdbaf,fs/file_table.c,3,file_free; file_free_rcu,file,,,
283ce5a46486d6acdbaf,mm/kasan/report.c,3,__kasan_report; kasan_report; print_address_description,,,,
283ce5a46486d6acdbaf,mm/kasan/generic.c,2,check_region_inline; kasan_check_range,,,,
283ce5a46486d6acdbaf,include/linux/fs.h,2,,file; file_operations,,,
283ce5a46486d6acdbaf,include/linux/file.h,2,fdput; fput_light,,,,
0b7c8bfd17c00d016fb4,kernel/printk/printk.c,4,call_console_drivers; console_lock_spinning_enable; console_unlock,console,,,
0b7c8bfd17c00d016fb4,drivers/tty/pty.c,2,pty_write,tty_struct,,,
0b7c8bfd17c00d016fb4,drivers/tty/tty_buffer.c,3,tty_buffer_alloc; tty_insert_flip_string,tty_port,,,
0b7c8bfd17c00d016fb4,drivers/tty/serial/8250/8250_port.c,3,serial8250_handle_irq; serial8250_tx_chars,uart_port,,,
0b7c8bfd17c00d016fb4,kernel/locking/lockdep.c,4,__lock_acquire; check_prev_add; validate_chain,held_lock,,,
0b7c8bfd17c00d016fb4,include/linux/spinlock_api_smp.h,2,__raw_spin_lock_irqsave,,,_raw_spin_lock_irqsave,
31d54c60c5b254d6f75b,drivers/net/wireless/ath/ath9k/wmi.c,3,ath9k_wmi_event_tasklet,wmi,wmi_lock,,
31d54c60c5b254d6f75b,drivers/net/wireless/ath/ath9k/htc_drv_txrx.c,2,ath9k_htc_txep; ath9k_htc_txstatus,,,,
31d54c60c5b254d6f75b,kernel/locking/lockdep.c,3,assign_lock_key; lock_acquire; register_lock_class,,,,
31d54c60c5b254d6f75b,include/linux/spinlock.h,2,,,,spin_lock_bh; spin_unlock_bh,
31d54c60c5b254d6f75b,kernel/softirq.c,2,__tasklet_schedule_common; tasklet_action_common,,,,
67654e51e54455f1c585,fs/hugetlbfs/inode.c,5,hugetlb_vmdelete_list; hugetlbfs_evict_inode; remove_huge_page; remove_inode_hugepages,hugetlbfs_fs_context,,,
67654e51e54455f1c585,mm/hugetlb.c,6,dissolve_free_huge_page; free_huge_page; remove_hugetlb_page; update_and_free_page,hstate; hugepage_subpool,,,
67654e51e54455f1c585,fs/dcache.c,3,__dentry_kill; dentry_unlink_inode; dput,,,,
67654e51e54455f1c585,fs/inode.c,3,evict; iput; iput_final,,,,
178efee9e2d7f87f5103,net/netfilter/nf_tables_api.c,8,__nf_tables_abort; nf_tables_cleanup; nf_tables_exit_net; nf_tables_trans_destroy_work; nft_commit_release,nft_trans; nftables_pernet,trans_destroy_work,,
178efee9e2d7f87f5103,net/core/net_namespace.c,3,cleanup_net; ops_exit_list,pernet_operations,,,
178efee9e2d7f87f5103,net/netfilter/core.c,4,nf_remove_net_hook; nf_unregister_net_hook,nf_hook_entries; nf_hook_ops,,,
178efee9e2d7f87f5103,kernel/workqueue.c,3,process_one_work; worker_thread,work_struct,,,
5d5821ad053bbbd4a11174989f2bf9d111873c52,net/core/skbuff.c,4,skb_panic; skb_push; skb_under_panic,sk_buff,,,
5d5821ad053bbbd4a11174989f2bf9d111873c52,net/ipv4/fou_core.c,4,fou_build_udp; gue_build_header,fou; guehdr,,,
5d5821ad053bbbd4a11174989f2bf9d111873c52,net/ipv6/sit.c,3,sit_tunnel_xmit; sit_tunnel_xmit__,ip_tunnel,,,
5d5821ad053bbbd4a11174989f2bf9d111873c52,net/ipv4/ip_tunnel.c,2,ip_tunnel_xmit,ip_tunnel_parm,,,
5d5821ad053bbbd4a11174989f2bf9d111873c52,include/net/ip_tunnels.h,2,,ip_tunnel_info; ip_tunnel_key,,,
5d5821ad053bbbd4a11174989f2bf9d111873c52,include/linux/skbuff.h,1,,skb_shared_info,,,
6ada951e7c0f7bc8a71e,mm/hugetlb.c,9,__hugetlb_vma_unlock_write_free; __hugetlb_zap_begin; __hugetlb_zap_end; hugetlb_unshare_pmds; hugetlb_vma_lock_write; hugetlb_vma_unlock_write,hugetlb_vma_lock; resv_map,num_fault_mutexes,,
6ada951e7c0f7bc8a71e,kernel/locking/rwsem.c,3,__down_write_common; down_write; rwsem_mark_wake,,,,
6ada951e7c0f7bc8a71e,kernel/locking/lockdep.c,3,__lock_acquire; lock_acquire; print_lock,,,,
60c52ca98513a8760a91,kernel/cred.c,4,abort_creds; commit_creds; prepare_creds,cred,,,
60c52ca98513a8760a91,security/keys/process_keys.c,4,install_process_keyring; install_session_keyring; install_thread_keyring; lookup_user_key,,,,
60c52ca98513a8760a91,security/keys/keyctl.c,2,SYSCALL_DEFINE5; keyctl_join_session_keyring,,,,
60c52ca98513a8760a91,include/linux/cred.h,3,get_cred; put_cred,cred,,,
649e339fa6658ee623d3,net/netfilter/nft_ct.c,4,__nft_ct_set_destroy; nft_ct_set_init; nft_ct_tmpl_alloc_pcpu; nft_ct_tmpl_put_pcpu,,,,
649e339fa6658ee623d3,net/netfilter/nf_conntrack_core.c,4,destroy_conntrack; nf_ct_delete; nf_ct_tmpl_alloc; nf_ct_tmpl_free,,,,
649e339fa6658ee623d3,include/net/netfilter/nf_conntrack.h,2,nf_ct_put,nf_conn,,,
649e339fa6658ee623d3,include/linux/netfilter/nf_conntrack_common.h,1,nf_conntrack_put,,,,
2b9b4f0895be09a6dec3,include/linux/swapops.h,4,make_pte_marker; make_pte_marker_entry,,,PTE_MARKER_MASK; PTE_MARKER_UFFD_WP,
2b9b4f0895be09a6dec3,mm/mprotect.c,6,change_p4d_range; change_pmd_range; change_protection; change_protection_range; change_pte_range; change_pud_range,,,,
2b9b4f0895be09a6dec3,mm/userfaultfd.c,2,mwriteprotect_range; uffd_wp_range,,,,
2b9b4f0895be09a6dec3,include/linux/userfaultfd_k.h,1,userfaultfd_pte_wp,,,,
9937dc42271cd87d4b98,fs/sysfs/group.c,5,create_files; internal_create_group; remove_files,attribute_group; kernfs_node,,,
9937dc42271cd87d4b98,block/blk-sysfs.c,2,blk_register_queue,request_queue,,,
9937dc42271cd87d4b98,block/genhd.c,2,__device_add_disk; device_add_disk,,,,
9937dc42271cd87d4b98,drivers/block/nbd.c,2,nbd_dev_add; nbd_genl_connect,,,,
9937dc42271cd87d4b98,include/linux/sysfs.h,2,,attribute; kobject,,,
11421fbbff99b989670e,net/xdp/xdp_umem.c,4,xdp_umem_create; xdp_umem_pin_pages; xdp_umem_reg,xdp_umem,,,
11421fbbff99b989670e,mm/util.c,3,__vm_enough_memory; kvfree; kvmalloc_node,,,,
11421fbbff99b989670e,include/linux/slab.h,2,,,,GFP_KERNEL; __GFP_NOWARN,
11421fbbff99b989670e,net/xdp/xsk.c,2,xsk_rcv_check; xsk_setsockopt,,,,
11421fbbff99b989670e,include/net/xdp_sock.h,1,,xdp_umem_reg,,,
958967f249155967d42a,kernel/bpf/btf.c,10,__btf_resolve_size; btf_resolve_size; btf_type_by_id; btf_type_id_size; btf_type_is_modifier; btf_type_needs_resolve; btf_type_ops,btf_array; btf_type; resolve_vertex,,,
958967f249155967d42a,kernel/bpf/syscall.c,2,map_check_btf; map_create,,,,
35eebd505e97d315d01c,drivers/hid/hid-thrustmaster.c,4,thrustmaster_interrupts; thrustmaster_probe,tm_wheel; tm_wheel_response,,,
35eebd505e97d315d01c,drivers/hid/hid-core.c,4,hid_device_probe; hid_parse_report,hid_device; hid_driver,,,
35eebd505e97d315d01c,drivers/hid/usbhid/hid-core.c,2,usbhid_probe; usbhid_start,,,,
35eebd505e97d315d01c,drivers/usb/core/config.c,2,usb_get_configuration; usb_parse_endpoint,,,,
35eebd505e97d315d01c,mm/kasan/report.c,2,kasan_report; print_address_description,,,,
91e171a9aa357b24b62b3ab188bc04996448c99b,net/ipv6/addrconf.c,4,in6_dump_addrs; inet6_dump_addr,inet6_dev; inet6_ifaddr,,,
91e171a9aa357b24b62b3ab188bc04996448c99b,include/net/if_inet6.h,2,,inet6_dev; inet6_ifaddr,,,
91e171a9aa357b24b62b3ab188bc04996448c99b,include/linux/rcupdate.h,2,rcu_dereference_check,,,RCU_LOCKDEP_WARN,
91e171a9aa357b24b62b3ab188bc04996448c99b,net/core/rtnetlink.c,2,netlink_dump; rtnetlink_rcv_msg,,,,
91e171a9aa357b24b62b3ab188bc04996448c99b,net/netlink/af_netlink.c,1,netlink_dump_start,,,,
4d2d56175b934b9a7bf9,drivers/net/wireless/ath/ath9k/htc_drv_txrx.c,4,ath9k_htc_rx_msg; ath9k_htc_rxep,ath9k_htc_priv; ath9k_htc_rxbuf,,,
4d2d56175b934b9a7bf9,drivers/net/wireless/ath/ath9k/htc.h,2,,ath9k_htc_rx_status; ath9k_htc_tx_ctl,,,
4d2d56175b934b9a7bf9,kernel/locking/lockdep.c,4,__lock_acquire; assign_lock_key; lock_acquire; register_lock_class,,,,
4d2d56175b934b9a7bf9,kernel/locking/lockdep_internals.h,2,,held_lock; lock_class,,,
1665a0a4a1d6d4d3f61624353f8a9e5dbfff67bd,net/ipv4/inet_connection_sock.c,4,inet_bhash2_addr_any_conflict; inet_csk_get_port; sock_i_uid,inet_bind_hashbucket,,,
1665a0a4a1d6d4d3f61624353f8a9e5dbfff67bd,net/core/sock.c,3,sock_i_ino; sock_i_uid,sock,,,
1665a0a4a1d6d4d3f61624353f8a9e5dbfff67bd,net/ipv4/inet_hashtables.c,3,inet_bind2_bucket_match_addr_any,inet_bind2_bucket; inet_hashinfo,,,
1665a0a4a1d6d4d3f61624353f8a9e5dbfff67bd,include/net/sock.h,3,sk_user_ns; sock_i_uid,,,SOCK_I_UID,
1665a0a4a1d6d4d3f61624353f8a9e5dbfff67bd,include/net/inet_hashtables.h,2,tcp_or_dccp_get_hashinfo,inet_bind_hashbucket,,,
3493b1873fb3ea827986,mm/util.c,3,kvfree; kvfree_sensitive; kvmalloc_node,,,,
3493b1873fb3ea827986,net/netfilter/ipset/ip_set_hash_gen.h,3,hash_ip_create,hbucket; htable,,,
3493b1873fb3ea827986,net/netfilter/ipset/ip_set_core.c,3,ip_set_alloc; ip_set_create; ip_set_free,,,,
3493b1873fb3ea827986,mm/vmalloc.c,2,__vmalloc_node_range; vfree,,,,
3493b1873fb3ea827986,include/linux/slab.h,2,kfree; kmalloc,,,,
3493b1873fb3ea827986,include/linux/vmalloc.h,2,,vm_struct; vmap_area,,,
d2c5e6980bfc84513464,crypto/crypto_null.c,4,null_crypt; null_skcipher_crypt; null_skcipher_setkey,crypto_sync_skcipher,,,
d2c5e6980bfc84513464,crypto/skcipher.c,5,crypto_skcipher_encrypt; skcipher_walk_done; skcipher_walk_next,skcipher_request; skcipher_walk,,,
d2c5e6980bfc84513464,include/linux/fortify-string.h,1,memcpy,,,,
d2c5e6980bfc84513464,mm/kasan/report.c,2,kasan_report; print_address_description,,,,
d2c5e6980bfc84513464,mm/kasan/generic.c,1,kasan_check_range,,,,
02617ac69815ae324053c954118c2dc7ba0e59b2,net/tls/tls_sw.c,6,decrypt_internal; decrypt_skb_update; tls_do_decryption; tls_sw_recvmsg,tls_rec; tls_sw_context_rx,,,
02617ac69815ae324053c954118c2dc7ba0e59b2,include/net/tls.h,4,,cipher_context; tls_context; tls_prot_info,,MAX_IV_SIZE,
5f26f85569bd179c18ce,include/linux/skmsg.h,4,sk_psock_get; sk_psock_put,sk_msg; sk_psock,,,
5f26f85569bd179c18ce,net/core/skmsg.c,3,sk_psock_destroy; sk_psock_drop; sk_psock_init,,,,
5f26f85569bd179c18ce,include/linux/refcount.h,4,refcount_dec; refcount_dec_and_test; refcount_inc,refcount_struct,,,
5f26f85569bd179c18ce,lib/refcount.c,1,refcount_warn_saturate,,,,
5f26f85569bd179c18ce,net/tls/tls_sw.c,2,tls_data_ready; tls_sw_recvmsg,,,,
e68c89a9510c159d9684,kernel/profile.c,5,do_profile_hits; profile_hits; profile_init; profile_setup,profile_hit,,,
e68c89a9510c159d9684,include/linux/profile.h,2,profile_hits; profile_init,,,,
e68c89a9510c159d9684,lib/ubsan.c,3,__ubsan_handle_shift_out_of_bounds; ubsan_epilogue,shift_out_of_bounds_data,,,
e68c89a9510c159d9684,lib/ubsan.h,1,,shift_out_of_bounds_data,,,
7ca4b2719dc742b8d0a4,mm/memory.c,8,unmap_page_range; unmap_single_vma; unmap_vmas; zap_p4d_range; zap_pmd_range; zap_pte_range; zap_pud_range,zap_details,,,
7ca4b2719dc742b8d0a4,mm/rmap.c,3,page_remove_rmap; try_to_unmap_one,anon_vma,,,
7ca4b2719dc742b8d0a4,mm/internal.h,3,should_zap_cows; should_zap_page,tlbflush_unmap_batch,,,
7ca4b2719dc742b8d0a4,mm/mmu_gather.c,2,tlb_flush_mmu; tlb_flush_mmu_free,,,,
6d31bf169a8265204b8d,drivers/media/rc/mceusb.c,4,mceusb_dev_printdata; mceusb_dev_recv; mceusb_process_ir_data,mceusb_dev,,,
6d31bf169a8265204b8d,lib/ubsan.c,4,__ubsan_handle_shift_out_of_bounds; ubsan_epilogue,shift_out_of_bounds_data; source_location,,,
6d31bf169a8265204b8d,lib/ubsan.h,2,,shift_out_of_bounds_data; type_descriptor,,,
6d31bf169a8265204b8d,include/linux/bitops.h,2,rol32; ror32,,,,
60df062e1c41940cae0f,drivers/base/component.c,5,component_del; component_unbind; component_unbind_all,component; master,,,
60df062e1c41940cae0f,drivers/usb/core/port.c,2,usb_hub_remove_port_device,usb_port,,,
60df062e1c41940cae0f,drivers/usb/core/hub.c,3,hub_disconnect; usb_unbind_interface,usb_hub,,,
60df062e1c41940cae0f,drivers/base/dd.c,2,__device_release_driver; device_release_driver_internal,,,,
a532b03fdfee2c137666,block/blk-map.c,6,bio_copy_from_iter; bio_copy_to_iter; bio_copy_user_iov; blk_rq_map_user_io; blk_rq_map_user_iov,bio_map_data,,,
a532b03fdfee2c137666,lib/iov_iter.c,4,__copy_from_iter; _copy_from_iter; copy_page_from_iter,iov_iter,,,
a532b03fdfee2c137666,drivers/scsi/sg.c,3,sg_common_write; sg_new_write; sg_start_req,,,,
2ee18845e89ae76342c5,lib/maple_tree.c,7,mas_find; mas_root; mas_start; mas_state_walk; mas_walk,ma_state; maple_tree,,,
2ee18845e89ae76342c5,mm/ksm.c,3,run_store; unmerge_and_remove_all_rmap_items; vma_next,,,,
2ee18845e89ae76342c5,kernel/locking/lockdep.c,1,lockdep_rcu_suspicious,,,,
2ee18845e89ae76342c5,include/linux/rcupdate.h,1,rcu_dereference_check,,,,
2ee18845e89ae76342c5,include/linux/mmap_lock.h,1,,,,mmap_read_lock,
011e4ea1da6692cf881c,fs/pipe.c,7,__pipe_lock; __pipe_unlock; pipe_lock; pipe_lock_nested; pipe_unlock; pipe_write,pipe_inode_info,,,
011e4ea1da6692cf881c,kernel/locking/mutex.c,3,__mutex_lock; __mutex_lock_common; mutex_lock_nested,,,,
011e4ea1da6692cf881c,include/linux/pipe_fs_i.h,1,,pipe_inode_info,,,
42d8c7c3d3e594b34346,drivers/media/v4l2-core/v4l2-ctrls.c,8,set_ctrl; set_ctrl_lock; std_validate; v4l2_s_ctrl; validate_new,v4l2_ctrl; v4l2_ctrl_handler; v4l2_ctrl_ptr,,,
42d8c7c3d3e594b34346,include/media/v4l2-ctrls.h,3,,v4l2_ctrl; v4l2_ctrl_handler; v4l2_ctrl_ptr,,,
42d8c7c3d3e594b34346,lib/ubsan.c,3,__ubsan_handle_shift_out_of_bounds; ubsan_epilogue,shift_out_of_bounds_data,,,
c558267ad910fc494497,drivers/media/rc/imon.c,7,display_open; imon_init_display; imon_init_intf0; imon_probe,imon_context,driver_lock; minor_rwsem,,
c558267ad910fc494497,drivers/usb/core/file.c,4,usb_open; usb_register_dev,usb_class_driver,minor_rwsem,,
c558267ad910fc494497,kernel/locking/mutex.c,2,__mutex_lock; mutex_lock,,,,
c558267ad910fc494497,kernel/locking/rwsem.c,2,down_write; up_write,,,,
6b74cf8fcd7378d8be7c,fs/inode.c,6,__destroy_inode; destroy_inode; evict; iput; iput_final,inode,,,
6b74cf8fcd7378d8be7c,fs/fs-writeback.c,3,__mark_inode_dirty; inode_io_list_del,bdi_writeback,,,
6b74cf8fcd7378d8be7c,fs/fat/inode.c,3,fat_evict_inode; fat_free_inode,msdos_inode_info,,,
6b74cf8fcd7378d8be7c,lib/list_debug.c,1,__list_del_entry_valid,,,,
6b74cf8fcd7378d8be7c,include/linux/list.h,3,__list_del_entry; list_del_init,,,INIT_LIST_HEAD,
6b74cf8fcd7378d8be7c,mm/slub.c,3,kmem_cache_free; slab_free_freelist_hook; slab_free_hook,,,,
6087eafb76a94c4ac9eb,mm/damon/dbgfs.c,5,dbgfs_destroy_ctx; dbgfs_new_ctx; dbgfs_rm_context; dbgfs_rm_context_write,damon_ctx,,,
6087eafb76a94c4ac9eb,mm/damon/core.c,5,damon_destroy_ctx; damon_destroy_targets; damon_free_target,damon_region; damon_target,,,
6087eafb76a94c4ac9eb,fs/debugfs/file.c,1,full_proxy_write,,,,
92beb3d46aab498710fa,include/net/bonding.h,3,bond_option_active_slave_get_rcu,bonding; slave,,,
92beb3d46aab498710fa,drivers/net/bonding/bond_main.c,4,bond_change_active_slave; bond_ethtool_get_ts_info; bond_select_active_slave; bond_xmit_activebackup_slave_get,,,,
92beb3d46aab498710fa,net/ethtool/common.c,2,__ethtool_get_ts_info; ethtool_get_phc_vclocks,,,,
92beb3d46aab498710fa,net/core/sock.c,2,sock_set_timestamping; sock_timestamping_bind_phc,,,,
92beb3d46aab498710fa,include/linux/rcupdate.h,2,,,,RCU_LOCKDEP_WARN; rcu_dereference_check,
793a590957d9c1b96620,net/netfilter/nf_conntrack_proto.c,2,ipv4_confirm; nf_confirm,,,,
793a590957d9c1b96620,net/netfilter/nf_conntrack_core.c,4,__nf_conntrack_confirm; nf_ct_delete; nf_ct_destroy; nf_ct_resolve_clash,,,,
793a590957d9c1b96620,include/net/netfilter/nf_conntrack_extend.h,2,__nf_ct_ext_exist; nf_ct_ext_exist,,,,
793a590957d9c1b96620,include/net/netfilter/nf_conntrack_ecache.h,1,nf_ct_ecache_exist,,,,
793a590957d9c1b96620,include/net/netfilter/nf_conntrack_core.h,1,nf_conntrack_confirm,,,,
793a590957d9c1b96620,net/netfilter/nf_conntrack_extend.c,2,__nf_ct_ext_find; nf_ct_ext_add,,,,
793a590957d9c1b96620,include/net/netfilter/nf_conntrack.h,2,,nf_conn; nf_ct_ext,,,
2b50dd7e9d79da3a1949141a7f38c2af0d01ddf3,net/core/sock.c,4,__sk_free; sk_destruct; sk_free,sock,,,
2b50dd7e9d79da3a1949141a7f38c2af0d01ddf3,net/ipv4/tcp.c,2,__tcp_close; tcp_close,,,,
2b50dd7e9d79da3a1949141a7f38c2af0d01ddf3,net/ipv4/af_inet.c,2,inet_release; sk_common_release,,,,
2b50dd7e9d79da3a1949141a7f38c2af0d01ddf3,net/ipv6/af_inet6.c,2,inet6_destroy_sock; inet6_release,,,,
2b50dd7e9d79da3a1949141a7f38c2af0d01ddf3,include/net/sock.h,3,sock_hold; sock_put,sock,,,
c94a3675a626f6333d74,drivers/infiniband/core/cma.c,10,__rdma_create_id; _destroy_id; cma_attach_to_dev; cma_cm_event_handler; cma_ib_handler; cma_listen_on_all; cma_release_dev; rdma_create_user_id; rdma_listen; ucma_close_id,,,,
c94a3675a626f6333d74,drivers/infiniband/core/ucma.c,4,ucma_close; ucma_close_id; ucma_destroy_private_ctx; ucma_write,,,,
c94a3675a626f6333d74,lib/list_debug.c,1,__list_add_valid,,,,
c94a3675a626f6333d74,include/linux/list.h,2,__list_add; list_add_tail,,,,
c94a3675a626f6333d74,mm/kasan/report.c,2,kasan_report; print_address_description,,,,
c94a3675a626f6333d74,mm/slub.c,2,kfree; slab_free_hook,,,,
63dec323ac56c28e644f,lib/iov_iter.c,4,_copy_from_iter; copy_page_from_iter; iov_iter_init,iov_iter,,,
63dec323ac56c28e644f,block/blk-map.c,3,bio_copy_from_iter; bio_copy_user_iov; blk_rq_map_user_iov,,,,
63dec323ac56c28e644f,drivers/scsi/sg.c,3,sg_common_write; sg_new_write; sg_write,,,,
63dec323ac56c28e644f,include/linux/uio.h,1,,iov_iter,,,
6879187cf57845801267,fs/io_uring.c,5,__io_splice_prep; io_file_get; io_queue_sqe; io_req_prep; io_splice_prep,,,,
6879187cf57845801267,lib/list_debug.c,1,__list_add_valid,,,,
6879187cf57845801267,include/linux/list.h,3,__list_add; list_add,list_head,,,
6879187cf57845801267,fs/file.c,4,fd_install; fget; fget_many,files_struct,,,
6879187cf57845801267,fs/splice.c,2,do_splice; splice_from_pipe,,,,
3faecbfd845a895c04cb,fs/erofs/data.c,3,erofs_bread; erofs_map_blocks; erofs_map_dev,,,,
3faecbfd845a895c04cb,fs/erofs/zdata.c,4,z_erofs_do_read_page; z_erofs_pcluster_readmore; z_erofs_read_folio; z_erofs_read_fragment,,,,
3faecbfd845a895c04cb,fs/erofs/namei.c,2,erofs_namei; find_target_block_classic,,,,
3faecbfd845a895c04cb,fs/erofs/internal.h,2,,erofs_map_blocks; erofs_map_dev,,,
afd2d80e495f96049571,net/netfilter/nfnetlink.c,5,nfnetlink_bind; nfnetlink_rcv_msg; nfnetlink_unbind,nfnetlink_subsystem; nfnl_net,,,
afd2d80e495f96049571,net/netlink/af_netlink.c,5,netlink_bind; netlink_setsockopt; netlink_unbind,netlink_sock; netlink_table,,,
afd2d80e495f96049571,include/linux/netfilter/nfnetlink.h,2,,nfnetlink_subsystem; nfnl_info,,,
ec3b3128c576e109171d,drivers/media/rc/mceusb.c,5,mceusb_dev_recv; mceusb_handle_command; mceusb_process_ir_data,ir_raw_event; mceusb_dev,,,
ec3b3128c576e109171d,include/media/rc-core.h,3,ir_raw_event_reset,ir_raw_event; rc_dev,,,
ec3b3128c576e109171d,include/linux/bitops.h,2,rol32; ror32,,,,
97ea55669d5b2e909c5a6b7be2f9f8991499dbbd,net/ipv4/arp.c,4,arp_ioctl; arp_req_get,arpreq; sockaddr_in,,,
97ea55669d5b2e909c5a6b7be2f9f8991499dbbd,include/uapi/linux/if_arp.h,2,,arphdr; arpreq,,,
97ea55669d5b2e909c5a6b7be2f9f8991499dbbd,include/net/arp.h,2,__ipv4_neigh_lookup,neighbour,,,
97ea55669d5b2e909c5a6b7be2f9f8991499dbbd,net/socket.c,2,sock_do_ioctl; sock_ioctl,,,,
97ea55669d5b2e909c5a6b7be2f9f8991499dbbd,net/ipv4/af_inet.c,1,inet_ioctl,,,,
97ea55669d5b2e909c5a6b7be2f9f8991499dbbd,include/linux/netdevice.h,2,dev_hard_header,net_device,,,
cd43695a64bcd21b8596,mm/util.c,2,kvmalloc_node; kvzalloc,,,,
cd43695a64bcd21b8596,net/netfilter/nf_tables_api.c,4,nf_tables_newset; nft_set_alloc; nft_set_elem_init; nft_set_lookup,,,,
cd43695a64bcd21b8596,include/linux/mm.h,2,,,,kvmalloc; kvzalloc,
cd43695a64bcd21b8596,mm/vmalloc.c,2,__vmalloc_node_range; vmalloc,,,,
cd43695a64bcd21b8596,include/net/netfilter/nf_tables.h,2,,nft_set; nft_set_elem,,,
c70d87ac1d001f29a058,kernel/watch_queue.c,4,__post_watch_notification; post_one_notification,watch_notification; watch_queue,,,
c70d87ac1d001f29a058,security/keys/key.c,4,__key_update; key_create_or_update,key_preparsed_payload; keyring_index_key,,,
c70d87ac1d001f29a058,security/keys/internal.h,1,notify_key,,,,
c70d87ac1d001f29a058,include/linux/watch_queue.h,1,post_watch_notification,,,,
c70d87ac1d001f29a058,mm/kasan/report.c,2,kasan_report; print_report,,,,
c70d87ac1d001f29a058,mm/kasan/generic.c,1,kasan_check_range,,,,
c70d87ac1d001f29a058,mm/kasan/shadow.c,1,memcpy,,,,
e94c5aaf7890901ebf9b,arch/x86/include/asm/pgtable.h,5,pte_clear_flags; pte_clear_saveddirty; pte_mksaveddirty; pte_set_flags; pte_uffd_wp,,,,
e94c5aaf7890901ebf9b,fs/proc/task_mmu.c,3,do_pagemap_cmd; do_pagemap_scan; pagemap_scan_pmd_entry,,,,
e94c5aaf7890901ebf9b,mm/pagewalk.c,3,__walk_page_range; walk_pgd_range; walk_pmd_range,,,,
e94c5aaf7890901ebf9b,mm/memory.c,3,do_swap_page; handle_pte_fault; zap_pte_range,,,,
e94c5aaf7890901ebf9b,mm/userfaultfd.c,2,mfill_atomic_install_pte; uffd_wp_range,,,,
fadc0aaf497e6a493b9f,drivers/md/md.c,5,md_alloc; md_open; md_probe,md_rdev; mddev,,,
fadc0aaf497e6a493b9f,block/bdev.c,3,blkdev_get_by_dev; blkdev_get_whole,block_device,,,
fadc0aaf497e6a493b9f,block/holder.c,1,bd_register_pending_holders,,,,
fadc0aaf497e6a493b9f,kernel/locking/mutex.c,2,__mutex_lock; __mutex_lock_common,,,,
62120febbd1ee3c3c860,fs/ext4/xattr.c,6,ext4_xattr_get; ext4_xattr_inode_create; ext4_xattr_inode_lookup_create; ext4_xattr_set; ext4_xattr_set_entry; ext4_xattr_set_handle,,,,
62120febbd1ee3c3c860,fs/ext4/xattr.h,3,,ext4_xattr_info; ext4_xattr_inode_array; ext4_xattr_search,,,
62120febbd1ee3c3c860,fs/ext4/ext4.h,3,,ext4_inode_info,i_rwsem; xattr_sem,,
62120febbd1ee3c3c860,fs/open.c,1,chown_common,,,,
62120febbd1ee3c3c860,kernel/locking/rwsem.c,4,down_read; down_write; up_read; up_write,,,,
e3563f0c94e188366dbb,drivers/tty/n_gsm.c,8,gsm0_receive; gsm1_receive; gsm_data_alloc; gsm_send_packet; gsmld_receive_buf,gsm_dlci; gsm_msg; gsm_mux,,,
e3563f0c94e188366dbb,drivers/tty/tty_io.c,2,tiocsti; tty_ioctl,,,,
e3563f0c94e188366dbb,fs/ioctl.c,2,__do_sys_ioctl; vfs_ioctl,,,,
e3563f0c94e188366dbb,arch/x86/entry/common.c,1,do_syscall_64,,,,
4903218f7fba0a2d6226,net/netfilter/nfnetlink.c,4,nfnetlink_bind; nfnetlink_unbind,nfnetlink_subsystem; nfnl_net,,,
4903218f7fba0a2d6226,linux/include/linux/netfilter/nfnetlink.h,2,,nfnetlink_subsystem,,NFNL_SUBSYS_ID,
4903218f7fba0a2d6226,linux/lib/ubsan.c,3,__ubsan_handle_out_of_bounds; ubsan_epilogue,out_of_bounds_data,,,
92340f7b2b4789907fdb,drivers/hid/hid-microsoft.c,3,ms_event; ms_input_mapping; ms_probe,,,,
92340f7b2b4789907fdb,drivers/hid/hid-input.c,2,hidinput_connect; hidinput_hid_event,,,,
92340f7b2b4789907fdb,drivers/hid/hid-core.c,3,hid_connect; hid_device_probe; hid_hw_start,,,,
92340f7b2b4789907fdb,drivers/input/input.c,1,input_register_device,,,,
92340f7b2b4789907fdb,lib/kobject_uevent.c,2,init_uevent_argv; kobject_uevent_env,,,,
3dea30b047f41084de66,drivers/usb/usbip/vhci_hcd.c,7,dump_port_status_diff; rh_port_connect; rh_port_disconnect; vhci_hub_control; vhci_hub_status,vhci_device; vhci_hcd,,,
3dea30b047f41084de66,drivers/usb/usbip/vhci.h,4,port_to_pdev_nr; port_to_rhport,,,VHCI_HC_PORTS; VHCI_PORTS,
3dea30b047f41084de66,lib/ubsan.c,1,__ubsan_handle_shift_out_of_bounds,,,,
d451401ffd00a60677ee,net/wireless/reg.c,11,cfg80211_save_user_regdom; crda_timeout_work; is_user_regdom_saved; reg_copy_regd; restore_alpha2; restore_regulatory_settings,ieee80211_regdomain; regulatory_request,cfg80211_regdomain; last_request; user_alpha2,,
f31428628ef672716ea8,net/qrtr/qrtr.c,3,__qrtr_bind; qrtr_bind; qrtr_port_assign,,,,
f31428628ef672716ea8,lib/idr.c,2,idr_alloc; idr_alloc_u32,,,,
f31428628ef672716ea8,include/linux/idr.h,2,,idr,,IDR_RT_MARKER,
f31428628ef672716ea8,kernel/panic.c,2,__warn; panic,,,,
f31428628ef672716ea8,lib/dump_stack.c,1,dump_stack,,,,
f31428628ef672716ea8,lib/bug.c,1,report_bug,,,,
f31428628ef672716ea8,arch/x86/kernel/traps.c,1,exc_invalid_op,,,,
2af3bc9585be7f23f290,fs/bfs/file.c,5,bfs_get_block; bfs_move_block; bfs_move_blocks; bfs_write_begin,bfs_inode_info,,,
2af3bc9585be7f23f290,fs/buffer.c,4,__block_write_begin_int; block_write_begin; mark_buffer_dirty,buffer_head,,,
2af3bc9585be7f23f290,include/linux/buffer_head.h,2,,buffer_head,,mark_buffer_dirty,
a3fcd59df1b372066f5a,mm/gup.c,5,hpage_pincount_add; hpage_pincount_sub; put_compound_head; try_get_compound_head; try_grab_compound_head,,,,
a3fcd59df1b372066f5a,include/linux/mm.h,3,is_pinnable_page; is_zone_movable_page; page_zonenum,,,,
a3fcd59df1b372066f5a,mm/hugetlb.c,1,follow_hugetlb_page,,,,
a3fcd59df1b372066f5a,include/linux/mm_types.h,1,,page,,,
a3fcd59df1b372066f5a,include/linux/page-flags.h,3,,,,PageCompound; PageHead; PageTail,
a3fcd59df1b372066f5a,fs/io_uring.c,2,io_sqe_buffer_register; pin_user_pages,,,,
cbff7a52b6f99059e67f,fs/nilfs2/dat.c,6,nilfs_dat_abort_entry; nilfs_dat_commit_end; nilfs_dat_commit_entry; nilfs_dat_prepare_end,nilfs_dat_entry; nilfs_palloc_req,,,
cbff7a52b6f99059e67f,fs/nilfs2/direct.c,2,nilfs_direct_assign; nilfs_direct_propagate,,,,
cbff7a52b6f99059e67f,fs/nilfs2/bmap.c,2,nilfs_bmap_assign; nilfs_bmap_propagate,,,,
cbff7a52b6f99059e67f,fs/nilfs2/segment.c,3,nilfs_collect_file_data; nilfs_segctor_apply_buffers; nilfs_segctor_scan_file,,,,
cbff7a52b6f99059e67f,fs/nilfs2/dir.c,3,nilfs_check_page; nilfs_match,nilfs_dir_entry,,,
5925509f78293baa7331,drivers/usb/gadget/udc/dummy_hcd.c,6,dummy_hub_control; handle_control_request; rh_call_control,dummy; dummy_hcd; usb_ctrlrequest,,,
5925509f78293baa7331,lib/ubsan.c,4,__ubsan_handle_shift_out_of_bounds; ubsan_epilogue,shift_out_of_bounds_data; source_location,,,
5925509f78293baa7331,drivers/usb/core/hcd.c,2,rh_urb_enqueue; usb_hcd_submit_urb,,,,
b308f5fd049fbbc6e74f,include/linux/fb.h,3,__fb_pad_aligned_buffer,fb_info; fb_var_screeninfo,,,
b308f5fd049fbbc6e74f,drivers/video/fbdev/core/bitblit.c,4,bit_putcs; bit_putcs_aligned; bit_putcs_unaligned,fbcon_ops,,,
b308f5fd049fbbc6e74f,drivers/video/fbdev/core/fbcon.c,2,fbcon_putcs,fbcon_display,,,
348331f63b034f89b622,drivers/input/mouse/bcm5974.c,6,bcm5974_irq_button; bcm5974_irq_trackpad; bcm5974_open; bcm5974_start_traffic,bcm5974; bcm5974_config,,,
348331f63b034f89b622,drivers/usb/core/urb.c,4,usb_pipe_type_check; usb_submit_urb; usb_urb_ep_type_check,urb,,,
348331f63b034f89b622,include/linux/usb.h,2,,,,USB_ENDPOINT_DIR_MASK; USB_ENDPOINT_XFERTYPE_MASK,
9b658439133becd38da1,block/genhd.c,4,device_add_disk; disk_uevent; set_capacity_and_notify,gendisk,,,
9b658439133becd38da1,drivers/block/nbd.c,5,nbd_dev_add; nbd_genl_connect; nbd_start_device,nbd_config; nbd_device,,,
9b658439133becd38da1,include/linux/genhd.h,3,add_disk; get_capacity,gendisk,,,
0d5b462a6f07447991b3,fs/nilfs2/segment.c,8,nilfs_collect_dat_data; nilfs_segctor_apply_buffers; nilfs_segctor_collect_blocks; nilfs_segctor_construct; nilfs_segctor_do_construct; nilfs_segctor_scan_file; nilfs_segctor_thread; nilfs_segctor_thread_construct,,,,
0d5b462a6f07447991b3,fs/nilfs2/btree.c,2,nilfs_btree_propagate; nilfs_btree_propagate_p,,,,
0d5b462a6f07447991b3,mm/page-writeback.c,2,__set_page_dirty; account_page_dirtied,,,,
0d5b462a6f07447991b3,include/linux/backing-dev.h,1,inode_to_wb,,,,
0d5b462a6f07447991b3,fs/buffer.c,1,mark_buffer_dirty,,,,
dcf33a7aae997956fe06,fs/gfs2/ops_fstype.c,5,gfs2_read_sb; init_sb,gfs2_sb; gfs2_sb_host,sdp->sd_sb.sb_bsize_shift,,
dcf33a7aae997956fe06,fs/gfs2/incore.h,2,,gfs2_sb_host; gfs2_sbd,,,
dcf33a7aae997956fe06,lib/ubsan.c,2,__ubsan_handle_shift_out_of_bounds; ubsan_epilogue,,,,
dcf33a7aae997956fe06,fs/gfs2/meta_io.c,2,gfs2_meta_read; gfs2_meta_wait,,,,
a7e701c8385bd8543074,net/xfrm/xfrm_compat.c,5,xfrm_alloc_compat; xfrm_xlate64; xfrm_xlate64_attr,compat_xfrm_usersa_info; compat_xfrm_userspi_info,,,
a7e701c8385bd8543074,net/xfrm/xfrm_user.c,2,xfrm_alloc_userspi; xfrm_user_rcv_msg,,,,
a7e701c8385bd8543074,include/uapi/linux/xfrm.h,3,,xfrm_user_acquire; xfrm_usersa_info; xfrm_userspi_info,,,
e2787430e752a92b8750,fs/hfsplus/inode.c,4,hfsplus_cat_read_inode; hfsplus_inode_read_fork; hfsplus_inode_write_fork,hfsplus_inode_info,,,
e2787430e752a92b8750,fs/hfsplus/super.c,3,hfsplus_fill_super; hfsplus_iget,hfsplus_sb_info,,,
e2787430e752a92b8750,fs/hfsplus/catalog.c,3,hfsplus_cat_build_record; hfsplus_find_cat,hfs_find_data,,,
e2787430e752a92b8750,fs/hfsplus/hfsplus_fs.h,4,,hfsplus_cat_file; hfsplus_fork_raw,,HFSPLUS_I; HFSPLUS_SB,
1f4ba1e5520762c523c6,fs/io_uring.c,5,io_file_data_ref_zero; io_sqe_files_register,fixed_file_data; fixed_file_ref_node,file_data->lock,,
1f4ba1e5520762c523c6,kernel/locking/lockdep.c,4,lock_acquire; mark_lock; mark_usage; print_usage_bug,,,,
1f4ba1e5520762c523c6,kernel/locking/spinlock.c,2,_raw_spin_lock; _raw_spin_unlock_irqrestore,,,,
1f4ba1e5520762c523c6,include/linux/spinlock.h,2,,,,spin_lock; spin_unlock,
1f4ba1e5520762c523c6,include/linux/spinlock_api_smp.h,2,__raw_spin_lock; __raw_spin_unlock_irqrestore,,,,
8357fbef0d7bb602de45,drivers/hid/uhid.c,3,uhid_char_release; uhid_dev_destroy,uhid_device,,,
8357fbef0d7bb602de45,kernel/sched/wait.c,4,__wake_up; __wake_up_common; __wake_up_common_lock,wait_queue_head,,,
8357fbef0d7bb602de45,kernel/locking/lockdep.c,4,__lock_acquire; lock_acquire; register_lock_class,held_lock,,,
8357fbef0d7bb602de45,include/linux/wait.h,1,,wait_queue_entry,,,
28a246747e0a465127f3,drivers/net/ieee802154/atusb.c,5,atusb_alloc_urbs; atusb_disconnect; atusb_free_urbs; atusb_probe,atusb,,,
28a246747e0a465127f3,drivers/usb/core/urb.c,3,usb_alloc_urb; usb_free_urb,urb,,,
28a246747e0a465127f3,mm/slab.h,2,kfree; kmalloc,,,,
28a246747e0a465127f3,mm/slub.c,2,kmem_cache_alloc; kmem_cache_free,,,,
28a246747e0a465127f3,drivers/base/dd.c,1,really_probe,,,,
f3e749d4c662818ae439,mm/util.c,4,kvfree; kvfree_sensitive; kvmalloc_node; kvrealloc,,,,
f3e749d4c662818ae439,include/linux/mm.h,4,,,,GFP_KERNEL; GFP_NOWAIT; __GFP_NOWARN; __GFP_RETRY_MAYFAIL,
f3e749d4c662818ae439,mm/vmalloc.c,5,__get_vm_area_node; __vmalloc_node_range; alloc_vmap_area; free_vmap_area; purge_vmap_area_lazy,,,,
f3e749d4c662818ae439,kernel/bpf/verifier.c,3,bpf_check; check_btf_info; check_btf_line,,,,
f3e749d4c662818ae439,kernel/bpf/syscall.c,1,bpf_prog_load,,,,
deb631beeb93bdb2df4c,fs/ntfs3/file.c,4,ntfs_extend_initialized_size; ntfs_fallocate; ntfs_sparse_cluster; ntfs_zero_range,,,,
deb631beeb93bdb2df4c,fs/ntfs3/attrib.c,3,attr_data_get_block; attr_set_size; run_deallocate_ex,,,,
deb631beeb93bdb2df4c,fs/ntfs3/ntfs_fs.h,2,,ntfs_inode; ntfs_sb_info,,,
deb631beeb93bdb2df4c,fs/ntfs3/run.c,2,run_add_entry; run_lookup_entry,,,,
deb631beeb93bdb2df4c,mm/filemap.c,1,filemap_write_and_wait_range,,,,
28207acc70bbf3d85b74,fs/ntfs3/record.c,6,mi_enum_attr; mi_find_attr; mi_insert_attr; mi_remove_attr,ATTRIB; mft_inode,,,
28207acc70bbf3d85b74,fs/ntfs3/frecord.c,4,ni_enum_attr_ex; ni_find_attr; ni_load_mi,ntfs_inode,,,
28207acc70bbf3d85b74,fs/ntfs3/ntfs_fs.h,3,,MFT_REC; NTFS_RECORD_HEADER,,NTFS_TIME_GRAN,
28207acc70bbf3d85b74,fs/ntfs3/inode.c,2,ntfs_iget5; ntfs_read_mft,,,,
298c5d8fb4a128bc27b0,fs/ext4/xattr.c,5,ext4_xattr_block_set; ext4_xattr_inode_iget; ext4_xattr_inode_lookup_create; ext4_xattr_inode_write; ext4_xattr_set_entry,,,,
298c5d8fb4a128bc27b0,fs/ext4/inode.c,3,__ext4_mark_inode_dirty; ext4_expand_extra_isize_ea; ext4_setattr,,,,
298c5d8fb4a128bc27b0,include/linux/fs.h,3,,inode,,inode_lock; inode_unlock,
298c5d8fb4a128bc27b0,fs/ext4/ext4.h,1,,ext4_inode_info,,,
e5fd3e65515b48c02a30,drivers/video/fbdev/core/sysfillrect.c,2,bitfill_aligned; sys_fillrect,,,,
e5fd3e65515b48c02a30,drivers/video/fbdev/core/bitblit.c,1,bit_clear_margins,,,,
e5fd3e65515b48c02a30,drivers/video/fbdev/core/fbcon.c,2,fbcon_clear_margins; fbcon_switch,,,,
e5fd3e65515b48c02a30,drivers/gpu/drm/drm_fb_helper.c,1,drm_fb_helper_sys_fillrect,,,,
e5fd3e65515b48c02a30,mm/kasan/report.c,2,kasan_report; print_address_description,,,,
e5fd3e65515b48c02a30,mm/vmalloc.c,2,is_vmalloc_addr; vmalloc_to_page,,,,
46a4ad33f345d1dd346e,net/netfilter/nf_conntrack_proto_dccp.c,3,dccp_timeout_nlattr_to_obj,nf_conntrack_l4proto; nfattr,,,
46a4ad33f345d1dd346e,net/netfilter/nfnetlink_cttimeout.c,4,ctnl_timeout_parse_policy; cttimeout_default_set,nf_ct_timeout; nlattr,,,
46a4ad33f345d1dd346e,include/net/netfilter/nf_conntrack_timeout.h,3,nf_ct_timeout_data; nf_ct_timeout_find,nf_conn_timeout,,,
46a4ad33f345d1dd346e,lib/nlattr.c,2,nla_validate_array; validate_nla,,,,
e2eae5639e7203360018,kernel/rcu/tree.c,9,check_cpu_stall; print_cpu_stall; rcu_dump_cpu_stacks; rcu_gp_set_torture_wait; rcu_pending; rcu_sched_clock_irq,rcu_data; rcu_node; rcu_state,,,
e2eae5639e7203360018,kernel/rcu/tree_stall.h,4,print_cpu_stall_info; rcu_cpu_stall_reset; rcu_jiffies_till_stall_check; record_gp_stall_check_time,,,,
e2eae5639e7203360018,net/sched/sch_fq_codel.c,3,fq_codel_dequeue; fq_codel_enqueue,fq_codel_sched_data,,,
e2eae5639e7203360018,net/core/dev.c,3,__dev_queue_xmit; dev_hard_start_xmit; validate_xmit_skb,,,,
e2eae5639e7203360018,kernel/time/tick-sched.c,3,tick_sched_handle; tick_sched_timer,tick_sched,,,
e2eae5639e7203360018,kernel/softirq.c,3,__do_softirq; raise_softirq,softirq_action,,,
e2eae5639e7203360018,include/linux/list.h,2,__list_del_entry; list_move_tail,,,,
05139c4039d0679e19ff,fs/unicode/utf8-core.c,4,utf8_casefold; utf8_validate,unicode_map; utf8cursor,,,
05139c4039d0679e19ff,fs/f2fs/dir.c,5,__f2fs_setup_filename; f2fs_init_casefolded_name; f2fs_prepare_lookup; f2fs_setup_filename,f2fs_filename,,,
05139c4039d0679e19ff,fs/f2fs/namei.c,1,f2fs_lookup,,,,
05139c4039d0679e19ff,fs/f2fs/f2fs.h,3,,,,F2FS_I; F2FS_I_SB; F2FS_SB,
a84b8783366ecb1c65d0,arch/x86/mm/fault.c,10,__bad_area; __bad_area_nosemaphore; bad_area; bad_area_nosemaphore; do_kern_addr_fault; do_user_addr_fault; handle_page_fault; kmmio_fault; spurious_kernel_fault; vmalloc_fault,,,,
a84b8783366ecb1c65d0,mm/memory.c,7,__handle_mm_fault; do_anonymous_page; do_swap_page; do_wp_page; handle_mm_fault; handle_pte_fault; vm_normal_page,,,,
a84b8783366ecb1c65d0,arch/x86/include/asm/pgtable.h,7,pmd_none; pmd_present; pte_access_permitted; pte_dirty; pte_none; pte_present; pte_write,,,,
a84b8783366ecb1c65d0,mm/vmalloc.c,3,is_vmalloc_addr; vmalloc_fault; vmalloc_to_page,,,,
0c601d7fbb8122d39093,drivers/hid/uhid.c,3,uhid_char_release; uhid_dev_destroy,uhid_device,,,
0c601d7fbb8122d39093,kernel/sched/wait.c,3,__wake_up_common; __wake_up_common_lock,wait_queue_head,,,
0c601d7fbb8122d39093,kernel/locking/lockdep.c,5,assign_lock_key; lock_acquire; register_lock_class,held_lock; lock_class_key,,,
b33c1cb0a30ebdc8a5f9,net/sched/sch_generic.c,6,qdisc_alloc; qdisc_create_dflt; qdisc_destroy; qdisc_free; qdisc_free_cb; qdisc_put,,,,
b33c1cb0a30ebdc8a5f9,net/sched/sch_api.c,3,qdisc_create; qdisc_graft; tc_modify_qdisc,,,,
b33c1cb0a30ebdc8a5f9,include/linux/refcount.h,4,refcount_dec; refcount_dec_and_test; refcount_sub_and_test,refcount_struct,,,
b33c1cb0a30ebdc8a5f9,lib/refcount.c,1,refcount_warn_saturate,,,,
b33c1cb0a30ebdc8a5f9,include/net/sch_generic.h,3,qdisc_refcount_inc; qdisc_refcount_inc_nz,Qdisc,,,
a8e049cd3abd342936b6,fs/iomap/iter.c,2,iomap_iter; iomap_iter_done,,,,
a8e049cd3abd342936b6,fs/erofs/data.c,5,erofs_fiemap; erofs_iomap_begin; erofs_iomap_end,erofs_map_blocks; iomap_ops,,,
a8e049cd3abd342936b6,fs/iomap/fiemap.c,3,iomap_fiemap; iomap_fiemap_iter; iomap_to_fiemap,,,,
a8e049cd3abd342936b6,include/linux/iomap.h,2,,iomap; iomap_iter,,,
27b0b464864741b18b99,kernel/workqueue.c,7,__flush_work; __queue_work; flush_workqueue; queue_work,work_struct; worker_pool; workqueue_struct,,,
27b0b464864741b18b99,drivers/usb/core/hub.c,5,hub_event; kick_hub_wq; usb_kick_hub_wq,usb_hub; usb_port,,,
27b0b464864741b18b99,drivers/usb/core/driver.c,2,usb_probe_device; usb_probe_interface,,,,
27b0b464864741b18b99,include/linux/workqueue.h,2,,delayed_work,,WQ_HIGHPRI,
3db80bbf66b88d68af9d,fs/reiserfs/xattr.c,5,open_xa_dir; open_xa_root; reiserfs_lookup_privroot,reiserfs_dentry_buf; reiserfs_sb_info,,,
3db80bbf66b88d68af9d,fs/reiserfs/super.c,3,REISERFS_SB; reiserfs_fill_super,,priv_root,,
3db80bbf66b88d68af9d,fs/namei.c,2,__lookup_slow; lookup_one_len,,,,
3db80bbf66b88d68af9d,fs/reiserfs/namei.c,2,reiserfs_find_entry; reiserfs_lookup,,,,
3db80bbf66b88d68af9d,fs/reiserfs/reiserfs.h,3,,reiserfs_inode_info,,REISERFS_I; REISERFS_SB,
a8f26a403c169b7593fe,fs/dcache.c,5,__d_add; d_flags_for_inode; d_splice_alias,dentry; qstr,,,
a8f26a403c169b7593fe,fs/ntfs3/super.c,4,ntfs_fill_super; ntfs_init_from_boot,ntfs_mount_options; ntfs_sb_info,,,
a8f26a403c169b7593fe,fs/ntfs3/inode.c,3,ntfs_iget5; ntfs_read_mft,ntfs_inode,,,
a8f26a403c169b7593fe,include/linux/dcache.h,2,,dentry_operations,,DCACHE_REGULAR_TYPE,
a8f26a403c169b7593fe,include/linux/fs.h,2,d_add; d_instantiate,,,,
f816042a7ae2225f25ba,fs/quota/dquot.c,6,__dquot_drop; dqget; dqput; dquot_drop; dquot_initialize,dquot,,,
f816042a7ae2225f25ba,fs/ext4/ialloc.c,3,__ext4_new_inode; ext4_free_inode; ext4_mark_inode_used,,,,
f816042a7ae2225f25ba,fs/quota/quota_tree.c,3,qtree_read_dquot; qtree_write_dquot,qtree_mem_dqinfo,,,
f816042a7ae2225f25ba,mm/kasan/generic.c,3,bytes_is_nonzero; check_memory_region; memory_is_poisoned,,,,
55cc72f8cc3a549119df,mm/memory.c,8,handle_pte_fault; print_bad_pte; restore_exclusive_pte; try_restore_exclusive_pte; unmap_page_range; vm_normal_folio; vm_normal_page; zap_pte_range,,,,
55cc72f8cc3a549119df,mm/page_alloc.c,4,free_contig_range; free_pages_prepare; free_unref_page; free_unref_page_prepare,,,,
55cc72f8cc3a549119df,mm/filemap.c,2,__xfs_filemap_fault; filemap_fault,,,,
55cc72f8cc3a549119df,fs/xfs/xfs_file.c,2,xfs_file_mmap; xfs_filemap_fault,,,,
55cc72f8cc3a549119df,mm/page_owner.c,2,reset_page_owner; set_page_owner,,,,
55cc72f8cc3a549119df,include/linux/page_owner.h,2,,,,reset_page_owner; set_page_owner,
02c44c7f92e70a73730a,fs/bfs/inode.c,4,bfs_alloc_inode; bfs_fill_super; bfs_iget; bfs_statfs,,,,
02c44c7f92e70a73730a,fs/bfs/bfs.h,4,,bfs_sb_info; bfs_super_block,,BFS_I; BFS_SB,
02c44c7f92e70a73730a,fs/bfs/dir.c,2,bfs_add_entry; bfs_find_entry,,,,
244acf6996ae0b9122ac763d3099922258c9bd43,net/core/stream.c,3,sk_stream_kill_queues; sk_stream_wait_connect; sk_stream_write_space,,,,
244acf6996ae0b9122ac763d3099922258c9bd43,net/ipv4/inet_connection_sock.c,2,inet_csk_destroy_sock,inet_connection_sock,,,
244acf6996ae0b9122ac763d3099922258c9bd43,net/ipv4/tcp.c,4,__tcp_close; tcp_close; tcp_rtx_queue_purge; tcp_write_queue_purge,,,,
244acf6996ae0b9122ac763d3099922258c9bd43,net/ipv4/af_inet.c,1,inet_release,,,,
244acf6996ae0b9122ac763d3099922258c9bd43,net/socket.c,2,__sock_release; sock_close,,,,
244acf6996ae0b9122ac763d3099922258c9bd43,kernel/exit.c,2,do_exit; do_group_exit,,,,
244acf6996ae0b9122ac763d3099922258c9bd43,fs/file_table.c,2,__fput; fput,,,,
d43608d061e8847ec9f3,lib/iov_iter.c,6,_copy_from_iter; copy_page_from_iter; pipe_advance; sanity,iov_iter; pipe_buffer,,,
d43608d061e8847ec9f3,block/blk-map.c,3,bio_copy_from_iter; bio_copy_user_iov; blk_rq_map_user_iov,,,,
d43608d061e8847ec9f3,drivers/scsi/sg.c,3,sg_common_write; sg_new_write; sg_start_req,,,,
91edf9178386a07d06a7,kernel/sys.c,2,__do_sys_prctl; prctl_set_vma,,,,
91edf9178386a07d06a7,mm/madvise.c,4,anon_vma_name_alloc; anon_vma_name_free; replace_anon_vma_name,anon_vma_name,,,
91edf9178386a07d06a7,mm/slab_common.c,2,__do_kmalloc_node; __kmalloc,,,,
91edf9178386a07d06a7,include/linux/slab.h,2,kmalloc,,,GFP_KERNEL,
5e70d01ee8985ae62a3b,net/ipv6/addrconf.c,5,addrconf_notify; ipv6_add_dev; ipv6_find_idev,inet6_dev; inet6_ifaddr,,,
5e70d01ee8985ae62a3b,net/core/dev.c,5,call_netdevice_notifiers; register_netdevice; unregister_netdevice,net_device; notifier_block,,,
5e70d01ee8985ae62a3b,drivers/net/loopback.c,2,loopback_net_init; loopback_xmit,,,,
5e70d01ee8985ae62a3b,include/linux/netdevice.h,4,__netdev_tracker_alloc; netdev_hold,,,NETDEV_TX_OK; NET_RX_SUCCESS,
5e70d01ee8985ae62a3b,kernel/notifier.c,1,notifier_call_chain,,,,
54b10a5da9e59f1ed979,fs/bfs/bfs.h,3,,bfs_sb_info; bfs_super_block,,BFS_SB,
54b10a5da9e59f1ed979,fs/bfs/inode.c,4,bfs_fill_super; bfs_iget; bfs_statfs; find_inode,,,,
54b10a5da9e59f1ed979,include/uapi/linux/bfs_fs.h,1,,bfs_super_block,,,
f1faa20eec55e0c8644c,fs/jfs/jfs_txnmgr.c,8,txBegin; txLockAlloc; txLockFree,TxAnchor; tblock; tlock,TxAnchor; TxLock,,
f1faa20eec55e0c8644c,fs/jfs/jfs_txnmgr.h,2,,tblock; tlock,,,
f1faa20eec55e0c8644c,fs/jfs/jfs_incore.h,2,JFS_IP,jfs_inode_info,,,
f1faa20eec55e0c8644c,include/linux/instrumented.h,1,instrument_atomic_read,,,,
f1faa20eec55e0c8644c,include/asm-generic/bitops/instrumented-non-atomic.h,1,_test_bit,,,,
fbe81b56f7df4c0fb21b,net/core/stream.c,4,sk_stream_closing; sk_stream_kill_queues; sk_stream_wait_connect; sk_stream_write_space,,,,
fbe81b56f7df4c0fb21b,net/ipv4/inet_connection_sock.c,2,inet_csk_destroy_sock,inet_connection_sock,,,
fbe81b56f7df4c0fb21b,net/ipv4/tcp.c,2,tcp_close; tcp_write_queue_purge,,,,
fbe81b56f7df4c0fb21b,net/ipv4/af_inet.c,1,inet_release,,,,
fbe81b56f7df4c0fb21b,net/socket.c,2,__sock_release; sock_release,,,,
fbe81b56f7df4c0fb21b,include/net/sock.h,3,,sock,sk_state,TCPF_CLOSE,
0871b14ca2e2fb64f6e3,drivers/gpu/drm/vkms/vkms_crtc.c,6,vkms_disable_vblank; vkms_enable_vblank; vkms_get_vblank_timestamp; vkms_vblank_simulate,vkms_crtc_state; vkms_output,,,
0871b14ca2e2fb64f6e3,drivers/gpu/drm/drm_vblank.c,4,drm_crtc_handle_vblank; drm_handle_vblank; drm_vblank_get,drm_vblank_crtc,,,
0871b14ca2e2fb64f6e3,include/drm/drm_vblank.h,2,,drm_pending_vblank_event; drm_vblank_crtc,,,
7b99aafdcc2eedea6178,net/core/stream.c,4,sk_stream_closing; sk_stream_kill_queues; sk_stream_wait_connect; sk_stream_write_space,,,,
7b99aafdcc2eedea6178,net/ipv4/inet_connection_sock.c,2,inet_csk_destroy_sock,inet_connection_sock,,,
7b99aafdcc2eedea6178,net/ipv4/tcp.c,3,__tcp_close; tcp_close; tcp_disconnect,,,,
7b99aafdcc2eedea6178,include/net/sock.h,4,,sock; sock_common,sk_error_queue; sk_receive_queue,,
7b99aafdcc2eedea6178,include/net/inet_connection_sock.h,1,,inet_connection_sock,,,
61e04e51b7ac86930589,drivers/block/nbd.c,6,nbd_dev_remove; nbd_genl_connect; nbd_open; nbd_put,nbd_device,nbd_index_mutex,,
61e04e51b7ac86930589,block/genhd.c,3,del_gendisk,gendisk,open_mutex,,
61e04e51b7ac86930589,kernel/locking/lockdep.c,3,__lock_acquire; check_prev_add; validate_chain,,,,
61e04e51b7ac86930589,kernel/locking/mutex.c,2,__mutex_lock; __mutex_lock_common,,,,
61e04e51b7ac86930589,lib/refcount.c,1,refcount_dec_and_mutex_lock,,,,
0a89a7b56db04c21a656,fs/jfs/jfs_imap.c,6,diFree; diFreeSpecial; diIAGRead,dinomap; iag; inomap,,,
0a89a7b56db04c21a656,fs/jfs/inode.c,2,jfs_commit_inode; jfs_evict_inode,,,,
0a89a7b56db04c21a656,fs/jfs/jfs_mount.c,2,chkSuper; jfs_mount,,,,
0a89a7b56db04c21a656,fs/jfs/jfs_xtree.c,2,xtLookup; xtSearch,,,,
0a89a7b56db04c21a656,fs/jfs/jfs_incore.h,1,,jfs_inode_info,,,
2d4f8693f438d2bd4bdb,mm/memory.c,6,__do_fault; __handle_mm_fault; drm_gem_shmem_fault; handle_mm_fault; handle_pte_fault; vmf_insert_pfn_prot,,,,
2d4f8693f438d2bd4bdb,drivers/gpu/drm/drm_gem_shmem_helper.c,2,drm_gem_shmem_fault,drm_gem_shmem_object,,,
2d4f8693f438d2bd4bdb,include/linux/mm.h,3,handle_mm_fault,vm_area_struct; vm_fault,,,
d1e3b1d92d25abf97943,fs/fs_context.c,4,legacy_parse_param; vfs_parse_fs_param,fs_context; legacy_fs_context,,,
d1e3b1d92d25abf97943,fs/fsopen.c,2,__do_sys_fsconfig; vfs_fsconfig_locked,,,,
d1e3b1d92d25abf97943,lib/string.c,1,memchr,,,,
d1e3b1d92d25abf97943,include/linux/fs_context.h,2,,fs_context_operations; fs_parameter,,,
d1e3b1d92d25abf97943,include/linux/string.h,1,memchr,,,,
d1e3b1d92d25abf97943,mm/kasan/report.c,2,kasan_report; print_address_description,,,,
1917d778024161609247,net/qrtr/qrtr.c,6,qrtr_alloc_ctrl_packet; qrtr_endpoint_post; qrtr_node_enqueue,qrtr_hdr_v1; qrtr_hdr_v2; qrtr_node,,,
1917d778024161609247,net/qrtr/tun.c,1,qrtr_tun_write_iter,,,,
1917d778024161609247,include/linux/skbuff.h,2,skb_put_data,sk_buff,,,
1917d778024161609247,include/linux/string.h,1,memcpy,,,,
1917d778024161609247,mm/kasan/report.c,2,kasan_report; print_address_description,,,,
1917d778024161609247,mm/kasan/generic.c,1,check_memory_region,,,,
92968395eedbdbd3617d,net/netfilter/nfnetlink_cttimeout.c,3,cttimeout_net_exit,ctnl_timeout; nfct_timeout_pernet,,,
92968395eedbdbd3617d,net/core/net_namespace.c,3,cleanup_net; ops_exit_list,pernet_operations,,,
92968395eedbdbd3617d,lib/list_debug.c,1,__list_del_entry_valid,,,,
92968395eedbdbd3617d,include/linux/list.h,3,__list_del_entry; list_del,,,INIT_LIST_HEAD,
92968395eedbdbd3617d,include/net/netfilter/nf_conntrack_timeout.h,2,nf_ct_timeout_find,nf_ct_timeout,,,
fa4648a5446460b7b963,fs/ntfs3/bitmap.c,6,wnd_init; wnd_map; wnd_set_free; wnd_set_used,e_node; wnd_bitmap,,,
fa4648a5446460b7b963,fs/ntfs3/super.c,4,ntfs_fill_super; ntfs_init_from_boot,ntfs_mount_options; ntfs_sb_info,,,
fa4648a5446460b7b963,mm/page_alloc.c,2,__alloc_pages; free_pages,,,,
fa4648a5446460b7b963,mm/slab_common.c,2,__kmalloc_large_node; kfree,,,,
1631f09646bc214d2e76,fs/ntfs3/super.c,8,ntfs_fill_super; ntfs_init_from_boot,NTFS_BOOT; ntfs_sb_info,dev_size; sbi->cluster_bits; sbi->cluster_size; sector_size,,
1631f09646bc214d2e76,fs/ntfs3/ntfs.h,2,,MFT_REC; NTFS_RECORD_HEADER,,,
1631f09646bc214d2e76,lib/ubsan.c,1,__ubsan_handle_shift_out_of_bounds,,,,
33f3faaa0c08744f7d40,fs/ntfs3/super.c,5,ntfs_fill_super; ntfs_init_from_boot; ntfs_set_state,ntfs_mount_options; ntfs_sb_info,,,
33f3faaa0c08744f7d40,mm/page_alloc.c,4,__alloc_pages; get_page_from_freelist; should_reclaim_retry,alloc_context,,,
33f3faaa0c08744f7d40,mm/slab_common.c,3,__do_kmalloc_node; __kmalloc_large_node; kmalloc_slab,,,,
33f3faaa0c08744f7d40,include/linux/gfp.h,3,__alloc_pages_node; gfp_zone,,,__GFP_DIRECT_RECLAIM,
703d9e154b3b58277261,net/l2tp/l2tp_core.c,3,l2tp_tunnel_register; setup_udp_tunnel_sock; udp_tunnel_encap_enable,,,,
703d9e154b3b58277261,include/net/udp_tunnel.h,2,udp_tunnel_encap_enable,,,UDP_TUNNEL_NIC_INFO,
703d9e154b3b58277261,kernel/jump_label.c,3,cpus_read_lock; static_key_slow_inc; static_key_slow_inc_cpuslocked,,,,
703d9e154b3b58277261,include/linux/percpu-rwsem.h,3,percpu_down_read,percpu_rw_semaphore,,might_sleep,
703d9e154b3b58277261,kernel/locking/percpu-rwsem.c,2,__percpu_down_read_trylock; percpu_rwsem_wait,,,,
703d9e154b3b58277261,kernel/sched/core.c,1,__might_resched,,,,
703d9e154b3b58277261,kernel/cpu.c,1,cpus_read_lock,,,,
703d9e154b3b58277261,net/ipv4/udp_tunnel_core.c,1,setup_udp_tunnel_sock,,,,
1bb51491ca5df96a5f724899d1dbb87afda61419,net/bluetooth/hci_conn.c,5,hci_conn_del; hci_conn_hash_flush; hci_conn_unlink,hci_conn; hci_dev,,,
1bb51491ca5df96a5f724899d1dbb87afda61419,net/bluetooth/hci_sync.c,1,hci_dev_close_sync,,,,
1bb51491ca5df96a5f724899d1dbb87afda61419,net/bluetooth/hci_core.c,2,hci_dev_do_close; hci_unregister_dev,,,,
1bb51491ca5df96a5f724899d1dbb87afda61419,drivers/bluetooth/hci_vhci.c,1,vhci_release,,,,
1bb51491ca5df96a5f724899d1dbb87afda61419,mm/kasan/report.c,2,kasan_report; print_address_description,,,,
1bb51491ca5df96a5f724899d1dbb87afda61419,mm/slub.c,2,slab_free_freelist_hook; slab_free_hook,,,,
01383b29d139cf9c9f9d9bd6e9947474ffe657a6,mm/gup.c,9,__get_user_pages; __get_user_pages_locked; __gup_longterm_locked; get_user_pages_fast; gup_must_unshare; gup_put_folio; internal_get_user_pages_fast; sanity_check_pinned_pages; try_grab_folio,,,,
01383b29d139cf9c9f9d9bd6e9947474ffe657a6,fs/splice.c,3,__do_sys_vmsplice; iter_to_pipe; vmsplice_to_pipe,,,,
01383b29d139cf9c9f9d9bd6e9947474ffe657a6,lib/iov_iter.c,2,__iov_iter_get_pages_alloc; iov_iter_get_pages2,,,,
01383b29d139cf9c9f9d9bd6e9947474ffe657a6,mm/internal.h,2,gup_put_folio; try_grab_folio,,,,
01383b29d139cf9c9f9d9bd6e9947474ffe657a6,mm/memory.c,2,__handle_mm_fault; handle_mm_fault,,,,
08d09127d5fca845e6d94dea344c5b758bc45615,net/rxrpc/sendmsg.c,3,rxrpc_do_sendmsg; rxrpc_queue_packet; rxrpc_send_data,,,,
08d09127d5fca845e6d94dea344c5b758bc45615,net/rxrpc/af_rxrpc.c,1,rxrpc_sendmsg,,,,
08d09127d5fca845e6d94dea344c5b758bc45615,net/rxrpc/ar-internal.h,2,,rxrpc_call; rxrpc_sock,,,
08d09127d5fca845e6d94dea344c5b758bc45615,kernel/locking/mutex.c,2,__mutex_unlock_slowpath; mutex_unlock,,,,
08d09127d5fca845e6d94dea344c5b758bc45615,kernel/locking/lockdep.c,2,lock_release; print_unlock_imbalance_bug,,,,
08d09127d5fca845e6d94dea344c5b758bc45615,include/linux/mutex.h,1,,mutex,,,
19a04b43c75ed1092021010419b5e560a8172c4f,drivers/hid/hidraw.c,5,hidraw_connect; hidraw_disconnect; hidraw_report_event,hidraw; hidraw_list,,,
19a04b43c75ed1092021010419b5e560a8172c4f,drivers/hid/hid-core.c,4,hid_input_report; hid_report_raw_event,hid_device; hid_report,,,
19a04b43c75ed1092021010419b5e560a8172c4f,mm/util.c,1,kmemdup,,,,
1a201ce4f0f4ab2f165b93d0ce5c15ebe1a5b321,mm/madvise.c,4,anon_vma_name_alloc; anon_vma_name_free; replace_anon_vma_name,anon_vma_name,,,
1a201ce4f0f4ab2f165b93d0ce5c15ebe1a5b321,mm/slab_common.c,3,__do_kmalloc_node; __kmalloc; kmem_cache_free,,,,
1a201ce4f0f4ab2f165b93d0ce5c15ebe1a5b321,kernel/sys.c,2,__do_sys_prctl; prctl_set_vma,,,,
1a201ce4f0f4ab2f165b93d0ce5c15ebe1a5b321,include/linux/slab.h,2,kfree; kmalloc,,,,
1a201ce4f0f4ab2f165b93d0ce5c15ebe1a5b321,mm/rmap.c,2,anon_vma_alloc; anon_vma_free,,,,
1bc76a5779300075e3466a0e2abcd753df212779,drivers/bluetooth/hci_h5.c,5,h5_close; h5_open; h5_recv,h5; hci_uart,,,
1bc76a5779300075e3466a0e2abcd753df212779,drivers/base/power/runtime.c,3,__pm_runtime_resume; pm_runtime_get; pm_runtime_put,,,,
1bc76a5779300075e3466a0e2abcd753df212779,drivers/bluetooth/hci_ldisc.c,2,hci_uart_send_frame; hci_uart_tty_receive,,,,
1bc76a5779300075e3466a0e2abcd753df212779,include/linux/pm_runtime.h,2,,,,RPM_ASYNC; RPM_GET_PUT,
1bc76a5779300075e3466a0e2abcd753df212779,include/linux/instrumented.h,1,instrument_atomic_read_write,,,,
1bc76a5779300075e3466a0e2abcd753df212779,include/linux/atomic/atomic-instrumented.h,1,atomic_inc,,,,
1bef50bdd9622a1969608d1090b2b4a588d0c6ac,fs/open.c,2,filp_close,file,,,
1bef50bdd9622a1969608d1090b2b4a588d0c6ac,fs/file.c,3,close_fd; put_files_struct,files_struct,,,
1bef50bdd9622a1969608d1090b2b4a588d0c6ac,include/linux/instrumented.h,1,instrument_atomic_read,,,,
1bef50bdd9622a1969608d1090b2b4a588d0c6ac,include/asm-generic/atomic-instrumented.h,1,atomic64_read,,,,
1bef50bdd9622a1969608d1090b2b4a588d0c6ac,include/asm-generic/atomic-long.h,1,atomic_long_read,,,,
1bef50bdd9622a1969608d1090b2b4a588d0c6ac,mm/kasan/report.c,2,__kasan_report; kasan_report,,,,
1bef50bdd9622a1969608d1090b2b4a588d0c6ac,mm/kasan/generic.c,2,check_memory_region; check_memory_region_inline,,,,
2482c46517c04822f40780fde741031bf9493450,drivers/net/ieee802154/atusb.c,5,atusb_alloc_urbs; atusb_disconnect; atusb_free_urbs; atusb_probe,atusb,,,
2482c46517c04822f40780fde741031bf9493450,drivers/usb/core/urb.c,3,usb_alloc_urb; usb_free_urb,urb,,,
2482c46517c04822f40780fde741031bf9493450,mm/slab.h,2,kfree; kmalloc,,,,
2482c46517c04822f40780fde741031bf9493450,mm/slub.c,2,kmem_cache_alloc; kmem_cache_free,,,,
2a42bcdee55085e729aa4e472bf86adf2036ad40,fs/dcache.c,6,d_walk; do_one_tree; shrink_dcache_for_umount; umount_check,dentry; mount,,,
2a42bcdee55085e729aa4e472bf86adf2036ad40,fs/hugetlbfs/inode.c,2,hugetlbfs_evict_inode,hugetlbfs_fs_context,,,
2a42bcdee55085e729aa4e472bf86adf2036ad40,fs/super.c,3,deactivate_locked_super; kill_anon_super; kill_litter_super,,,,
2a42bcdee55085e729aa4e472bf86adf2036ad40,fs/namespace.c,2,__cleanup_mnt; cleanup_mnt,,,,
2a42bcdee55085e729aa4e472bf86adf2036ad40,include/linux/dcache.h,2,,dentry_operations; qstr,,,
2dbce17f865f34c37da63de733f31001f293d78f,fs/dcache.c,7,__dentry_kill; d_walk; do_one_tree; shrink_dcache_for_umount; umount_check,dentry; mount,,,
2dbce17f865f34c37da63de733f31001f293d78f,fs/super.c,3,deactivate_locked_super; generic_shutdown_super; kill_anon_super,,,,
2dbce17f865f34c37da63de733f31001f293d78f,fs/namespace.c,2,__cleanup_mnt; cleanup_mnt,,,,
2dbce17f865f34c37da63de733f31001f293d78f,fs/sysfs/mount.c,1,sysfs_kill_sb,,,,
32577e96d88447ded2d3b76d71254fb855245837,drivers/video/fbdev/core/bitblit.c,3,bit_putcs; bit_putcs_aligned; bit_putcs_unaligned,,,,
32577e96d88447ded2d3b76d71254fb855245837,include/linux/fb.h,3,__fb_pad_aligned_buffer,fb_info; fb_var_screeninfo,,,
32577e96d88447ded2d3b76d71254fb855245837,drivers/video/fbdev/core/fbcon.c,2,fbcon_putcs,fbcon_ops,,,
32577e96d88447ded2d3b76d71254fb855245837,drivers/tty/vt/vt.c,3,con_flush; do_con_write,vc_data,,,
32577e96d88447ded2d3b76d71254fb855245837,mm/kasan/report.c,2,kasan_report; print_address_description,,,,
32c85d199d85c11202246570956a2cbe272f235a,net/wireless/reg.c,8,crda_timeout_work; is_user_regdom_saved; restore_alpha2; restore_regulatory_settings,ieee80211_regdomain; regulatory_request,cfg80211_regdomain; user_alpha2,,
32c85d199d85c11202246570956a2cbe272f235a,net/wireless/core.c,2,cfg80211_assign_cookie; cfg80211_rdev_free_wowlan,,,,
32c85d199d85c11202246570956a2cbe272f235a,kernel/panic.c,2,__warn; panic,,,,
32c85d199d85c11202246570956a2cbe272f235a,lib/dump_stack.c,1,dump_stack,,,,
32c85d199d85c11202246570956a2cbe272f235a,arch/x86/kernel/traps.c,2,do_error_trap; do_invalid_op,,,,
32c85d199d85c11202246570956a2cbe272f235a,kernel/workqueue.c,1,process_one_work,,,,
33e08264ba252fcf3ed89b69fd088ac976363535,fs/udf/inode.c,8,udf_do_extend_file; udf_do_extend_final_block; udf_extend_file; udf_get_block; udf_setsize; udf_update_extents,extent_position; udf_inode_info,,,
33e08264ba252fcf3ed89b69fd088ac976363535,fs/udf/file.c,1,udf_setattr,,,,
33e08264ba252fcf3ed89b69fd088ac976363535,fs/udf/udf_i.h,2,,extent_position; udf_inode_info,,,
33e08264ba252fcf3ed89b69fd088ac976363535,fs/udf/udf_sb.h,4,,,,UDF_CLEAR_FLAG; UDF_QUERY_FLAG; UDF_SB; UDF_SET_FLAG,
35ca150acc791b7283bb643a0edbbc185aa4a69e,net/smc/smc_ib.c,6,smc_nl_handle_smcr_dev; smc_nl_prep_smcr_dev; smc_set_pci_values; smcr_nl_get_device,smc_ib_device; smc_pci_dev,,,
35ca150acc791b7283bb643a0edbbc185aa4a69e,net/smc/smc_core.h,2,smc_set_pci_values,smc_pci_dev,,,
35ca150acc791b7283bb643a0edbbc185aa4a69e,net/smc/smc_pnet.c,3,smc_pnetid_by_table_ib; smc_pnetid_by_table_smcd,smc_pnetentry,,,
35dd38010e383ee37d27b39f6b50eb25b4c92dd2,kernel/workqueue.c,6,__flush_work; __queue_work; flush_workqueue,pool_workqueue; worker_pool; workqueue_struct,,,
35dd38010e383ee37d27b39f6b50eb25b4c92dd2,drivers/usb/core/hub.c,4,hub_event; kick_hub_wq; usb_kick_hub_wq,usb_hub,,,
35dd38010e383ee37d27b39f6b50eb25b4c92dd2,drivers/media/usb/siano/smsusb.c,2,smsusb_onresponse; smsusb_probe,,,,
38efa4618c3379cf98642b9379d6e340b14d2702,fs/io_uring.c,11,__io_arm_poll_handler; io_arm_poll_handler; io_do_iopoll; io_iopoll_try_reap_events; io_poll_check_events; io_poll_wake,io_kiocb; io_poll_iocb; io_ring_ctx,poll_refs,IO_POLL_REF_MASK,
39b560f8c5d46a5c107b83c6a1e8ae4051826de0,net/ethtool/pse-pd.c,4,pse_get_pse_attributes; pse_prepare_data,pse_control_status; pse_reply_data,,,
39b560f8c5d46a5c107b83c6a1e8ae4051826de0,net/ethtool/netlink.c,4,ethnl_default_dump_one; ethnl_default_dumpit,ethnl_reply_data; ethnl_req_info,,,
39b560f8c5d46a5c107b83c6a1e8ae4051826de0,include/linux/ethtool.h,2,,ethtool_ops; phy_device,,,
39b560f8c5d46a5c107b83c6a1e8ae4051826de0,net/netlink/af_netlink.c,2,__netlink_dump_start; netlink_dump,,,,
3ac451d171eed4f6027b4c46176f6eda99e8547b,fs/fcntl.c,5,f_getown; kill_fasync; kill_fasync_rcu,f_owner_ex; fasync_struct,,,
3ac451d171eed4f6027b4c46176f6eda99e8547b,drivers/input/evdev.c,3,__pass_event; evdev_pass_values,evdev_client,,,
3ac451d171eed4f6027b4c46176f6eda99e8547b,kernel/locking/lockdep.c,3,__lock_acquire; mark_usage; print_irq_inversion_bug,,,,
3ac451d171eed4f6027b4c46176f6eda99e8547b,kernel/locking/spinlock.c,2,_raw_read_lock; _raw_spin_lock,,,,
3ac451d171eed4f6027b4c46176f6eda99e8547b,include/linux/spinlock.h,2,,,,read_lock; spin_lock,
4894a6d412735394296e80976329c1a6848acc14,fs/file_table.c,4,alloc_empty_backing_file; file_free; init_file,backing_file,,,
4894a6d412735394296e80976329c1a6848acc14,fs/overlayfs/file.c,3,ovl_open_realfile; ovl_real_fdget; ovl_splice_read,,,,
4894a6d412735394296e80976329c1a6848acc14,mm/slub.c,3,kmem_cache_free; slab_free_freelist_hook; slab_free_hook,,,,
4894a6d412735394296e80976329c1a6848acc14,mm/kasan/report.c,2,kasan_report_invalid_free; print_report,,,,
4894a6d412735394296e80976329c1a6848acc14,include/linux/slab.h,1,kmem_cache_free,,,,
49b6f675bead6969f913a3f7dcef4d28fdd13296,mm/mmap.c,11,__vm_munmap; do_vmi_align_munmap; do_vmi_munmap; unmap_region; validate_mm; vma_expand; vma_merge; vma_shrink,vm_area_struct; vma_iterator; vma_prepare,,,
49b6f675bead6969f913a3f7dcef4d28fdd13296,mm/internal.h,3,vma_iter_load; vma_iter_prealloc; vma_iter_store,,,,
49b6f675bead6969f913a3f7dcef4d28fdd13296,include/linux/mm_types.h,2,,vm_area_struct; vma_iterator,,,
49b6f675bead6969f913a3f7dcef4d28fdd13296,include/linux/mm.h,2,vm_flags_init; vm_flags_reset,,,,
4ed0d6eea4561854b366170155a78652da4cef29,drivers/usb/usbip/vhci_hcd.c,7,dump_port_status_diff; rh_port_connect; rh_port_disconnect; vhci_hub_control; vhci_hub_status,vhci_device; vhci_hcd,,,
4ed0d6eea4561854b366170155a78652da4cef29,drivers/usb/core/hcd.c,2,rh_call_control; rh_urb_enqueue,,,,
4ed0d6eea4561854b366170155a78652da4cef29,lib/ubsan.c,2,__ubsan_handle_shift_out_of_bounds,shift_out_of_bounds_data,,,
52eac4b79cfb13db9907627c1afc185252168cdc,sound/usb/midi.c,8,__snd_usbmidi_create; find_usb_ms_endpoint_descriptor; snd_usbmidi_create_endpoints; snd_usbmidi_get_ms_info,snd_usb_midi; snd_usb_midi_endpoint_info; usb_ms_endpoint_descriptor; usb_ms_header_descriptor,,,
52eac4b79cfb13db9907627c1afc185252168cdc,sound/usb/quirks.c,2,create_any_midi_quirk; snd_usb_create_quirk,,,,
52eac4b79cfb13db9907627c1afc185252168cdc,sound/usb/card.c,1,usb_audio_probe,,,,
602383e46c337fd7a0b8346ee047fe2778b76647,fs/fcntl.c,4,kill_fasync; kill_fasync_rcu; send_sigurg,fasync_struct,,,
602383e46c337fd7a0b8346ee047fe2778b76647,net/core/sock.c,3,lock_sock; release_sock; sk_send_sigurg,,,,
602383e46c337fd7a0b8346ee047fe2778b76647,kernel/locking/lockdep.c,3,check_usage_backwards; mark_lock_irq; print_irq_inversion_bug,,,,
602383e46c337fd7a0b8346ee047fe2778b76647,kernel/locking/spinlock.c,1,_raw_spin_lock_irqsave,,,,
602383e46c337fd7a0b8346ee047fe2778b76647,drivers/input/evdev.c,3,evdev_events; evdev_pass_values,evdev_client,,,
637351e3088fc2aed419d941674f2774f4162ea2,drivers/tty/vt/vt.c,5,con_font_get; con_font_op; do_con_write,console_font_op; vc_data,,,
637351e3088fc2aed419d941674f2774f4162ea2,mm/usercopy.c,3,__check_object_size; check_heap_object; usercopy_abort,,,,
637351e3088fc2aed419d941674f2774f4162ea2,include/linux/uaccess.h,2,__copy_to_user; copy_to_user,,,,
637351e3088fc2aed419d941674f2774f4162ea2,include/linux/thread_info.h,2,check_copy_size; check_object_size,,,,
637351e3088fc2aed419d941674f2774f4162ea2,fs/ioctl.c,2,do_vfs_ioctl; vfs_ioctl,,,,
67d5dc5f84651b05fc3c2cb3d163037f414a10f4,mm/page_alloc.c,6,__alloc_pages_nodemask; alloc_pages_current; get_page_from_freelist; zone_watermark_ok,alloc_context; zone,,,
67d5dc5f84651b05fc3c2cb3d163037f414a10f4,mm/slab_common.c,2,kmalloc_order; kmalloc_order_trace,,,,
67d5dc5f84651b05fc3c2cb3d163037f414a10f4,mm/mempolicy.c,1,alloc_pages_current,,,,
67d5dc5f84651b05fc3c2cb3d163037f414a10f4,net/qrtr/tun.c,2,qrtr_tun_write_iter,qrtr_tun,,,
67d5dc5f84651b05fc3c2cb3d163037f414a10f4,include/linux/gfp.h,2,alloc_pages,,,__GFP_*,
6922c8c31f1fdd120d1cef3f58b319b6dd1d8c00,drivers/misc/vmw_vmci/vmci_queue_pair.c,8,qp_broker_alloc; qp_broker_create; qp_host_get_user_memory; qp_host_register_user_memory; qp_release_pages,qp_broker_entry; vmci_qp_page_store; vmci_queue,,,
6922c8c31f1fdd120d1cef3f58b319b6dd1d8c00,include/linux/mm.h,2,compound_head; put_page,,,,
6922c8c31f1fdd120d1cef3f58b319b6dd1d8c00,include/linux/page-flags.h,3,PageCompound; PageTail; compound_head,,,,
6922c8c31f1fdd120d1cef3f58b319b6dd1d8c00,drivers/misc/vmw_vmci/vmci_queue_pair.h,1,,,,VMCI_QP_PAGESTORE_IS_WELLFORMED,
699e4f546c33df9781a67891d42766bbbe3ca30b,fs/fuse/dir.c,4,fuse_dentry_settime; fuse_invalidate_entry; fuse_invalidate_entry_cache; fuse_reverse_inval_entry,,,,
699e4f546c33df9781a67891d42766bbbe3ca30b,fs/fuse/fuse_i.h,2,,fuse_conn; fuse_inode,,,
699e4f546c33df9781a67891d42766bbbe3ca30b,include/linux/fs.h,3,inode_lock; inode_unlock,inode,,,
699e4f546c33df9781a67891d42766bbbe3ca30b,kernel/locking/lockdep.c,3,check_deadlock; print_deadlock_bug; validate_chain,,,,
699e4f546c33df9781a67891d42766bbbe3ca30b,kernel/locking/rwsem.c,2,down_write; up_write,,,,
6e96f5bd56bfecdaa0bfeaf2695a25cc80bfbd9a,net/netfilter/ipset/ip_set_core.c,4,ip_set_comment_free; ip_set_comment_uget; ip_set_init_comment; ip_set_put_comment,,,,
6e96f5bd56bfecdaa0bfeaf2695a25cc80bfbd9a,include/linux/netfilter/ipset/ip_set.h,3,,ip_set_comment; ip_set_comment_rcu,,SET_WITH_COMMENT,
6e96f5bd56bfecdaa0bfeaf2695a25cc80bfbd9a,lib/string.c,1,strlen,,,,
6e96f5bd56bfecdaa0bfeaf2695a25cc80bfbd9a,net/netfilter/ipset/ip_set_hash_gen.h,2,mtype_ahash_destroy; mtype_ext_cleanup,,,,
75a2a727e4636c7a34dbd49197b15c3de92a8f7f,mm/hugetlb.c,9,follow_hugetlb_page; hugetlb_fault; hugetlb_no_page; hugetlb_reserve_pages; hugetlb_unreserve_pages; hugetlb_wp,hstate; hugepage_subpool; resv_map,,,
75a2a727e4636c7a34dbd49197b15c3de92a8f7f,mm/memory.c,1,__access_remote_vm,,,,
75a2a727e4636c7a34dbd49197b15c3de92a8f7f,kernel/ptrace.c,2,ptrace_access_vm; ptrace_request,,,,
75a2a727e4636c7a34dbd49197b15c3de92a8f7f,arch/x86/kernel/ptrace.c,1,arch_ptrace,,,,
7f34dec8b4c3be61baad2f552b05d2011d64ae87,drivers/media/v4l2-core/v4l2-ctrls.c,8,set_ctrl; set_ctrl_lock; std_validate; v4l2_s_ctrl; validate_new,v4l2_ctrl; v4l2_ctrl_handler; v4l2_ctrl_ptr,,,
7f34dec8b4c3be61baad2f552b05d2011d64ae87,lib/ubsan.c,3,__ubsan_handle_shift_out_of_bounds; ubsan_epilogue,shift_out_of_bounds_data,,,
8d31c0d56f794feb72c2d359795c74908dab34c0,net/ethtool/bitset.c,7,ethnl_bitmap32_clear; ethnl_bitmap32_not_zero; ethnl_bitmap32_test_bit; ethnl_bitmap32_update; ethnl_compact_sanity_checks; ethnl_update_bitset32; ethnl_update_bitset32_verbose,,,,
8d31c0d56f794feb72c2d359795c74908dab34c0,net/ethtool/linkmodes.c,2,ethnl_set_linkmodes; ethnl_update_linkmodes,,,,
8d31c0d56f794feb72c2d359795c74908dab34c0,include/linux/ethtool.h,1,,ethtool_link_settings,,,
8dc7a6aed7b8ead4c982ecdf2cd1ea5a4c3b57bb,fs/attr.c,3,may_setattr; notify_change; setattr_prepare,,,,
8dc7a6aed7b8ead4c982ecdf2cd1ea5a4c3b57bb,fs/inode.c,3,__file_remove_privs; __remove_privs; file_modified_flags,,,,
8dc7a6aed7b8ead4c982ecdf2cd1ea5a4c3b57bb,fs/fuse/file.c,3,fuse_file_fallocate,fuse_file; fuse_inode,,,
8dc7a6aed7b8ead4c982ecdf2cd1ea5a4c3b57bb,fs/open.c,1,vfs_fallocate,,,,
8dc7a6aed7b8ead4c982ecdf2cd1ea5a4c3b57bb,include/linux/fs.h,2,,file; iattr,,,
ac6fc97113de554dc57614c3ffa4c6a2c2668a97,drivers/hid/hid-core.c,6,hid_field_extract; hid_input_fetch_field; hid_process_report; hid_report_raw_event; hid_snto32; snto32,,,,
ac6fc97113de554dc57614c3ffa4c6a2c2668a97,include/linux/hid.h,3,,hid_device; hid_field; hid_report,,,
ac6fc97113de554dc57614c3ffa4c6a2c2668a97,lib/ubsan.c,1,__ubsan_handle_shift_out_of_bounds,,,,
b36d7e444fe532685b683ae7980f4e3a184f0ad8,net/ethtool/bitset.c,7,ethnl_bitmap32_not_zero; ethnl_bitmap32_test_bit; ethnl_bitmap32_update; ethnl_compact_sanity_checks; ethnl_update_bitset32; ethnl_update_bitset32_verbose,ethnl_req_info,,,
b36d7e444fe532685b683ae7980f4e3a184f0ad8,net/ethtool/linkmodes.c,3,ethnl_set_linkmodes; ethnl_update_linkmodes,linkmodes_reply_data,,,
b36d7e444fe532685b683ae7980f4e3a184f0ad8,net/netlink/genetlink.c,2,genl_family_rcv_msg_doit; genl_rcv_msg,,,,
b5b251b9bcc4653c39164dfee969dafb903ae25e,drivers/usb/gadget/udc/dummy_hcd.c,6,dummy_hub_control; handle_control_request; rh_call_control,dummy_ep; dummy_hcd; dummy_request,,,
b5b251b9bcc4653c39164dfee969dafb903ae25e,drivers/usb/core/hcd.c,4,rh_call_control; rh_urb_enqueue; usb_hcd_submit_urb,usb_hcd,,,
b5b251b9bcc4653c39164dfee969dafb903ae25e,lib/ubsan.c,3,__ubsan_handle_shift_out_of_bounds; ubsan_epilogue,shift_out_of_bounds_data,,,
b5ecc684bb9e49db213e88f69d4ce80f7e20238d,net/nfc/nci/core.c,5,__nci_request; nci_request; nci_set_local_general_bytes; nci_start_poll,nci_dev,,,
b5ecc684bb9e49db213e88f69d4ce80f7e20238d,net/nfc/netlink.c,2,nfc_genl_start_poll,nfc_genl_data,,,
b5ecc684bb9e49db213e88f69d4ce80f7e20238d,net/nfc/core.c,2,nfc_start_poll,,nfc_devlist_mutex,,
b5ecc684bb9e49db213e88f69d4ce80f7e20238d,drivers/nfc/virtual_ncidev.c,2,virtual_nci_close,,nci_mutex,,
b929091c762f0a3060a9941dcacfed0c3b4a903d,net/can/j1939/socket.c,4,j1939_sk_errqueue; j1939_sk_queue_activate_next; j1939_sk_queue_activate_next_locked; j1939_sk_queue_drop_all,,,,
b929091c762f0a3060a9941dcacfed0c3b4a903d,net/can/j1939/transport.c,5,__j1939_session_cancel; j1939_session_activate; j1939_session_list_lock; j1939_session_list_unlock; j1939_tp_rxtimer,,,,
b929091c762f0a3060a9941dcacfed0c3b4a903d,net/can/j1939/main.c,1,j1939_sk_netdev_event_netdown,,,,
b929091c762f0a3060a9941dcacfed0c3b4a903d,include/linux/spinlock.h,2,,,,raw_spin_lock_bh; raw_spin_unlock_bh,
b96fbfdb1cf23b90ac7ee98b9c66235110e4a943,include/net/red.h,4,red_check_params; red_maxp; red_set_parms,red_parms,,,
b96fbfdb1cf23b90ac7ee98b9c66235110e4a943,net/sched/sch_sfq.c,4,sfq_change; sfq_init,red_parms; sfq_sched_data,,,
b96fbfdb1cf23b90ac7ee98b9c66235110e4a943,lib/ubsan.c,3,__ubsan_handle_shift_out_of_bounds; ubsan_epilogue,shift_out_of_bounds_data,,,
bf7780df648105d40e1fdbb0566defda3605ed93,include/linux/skbuff.h,5,__skb_pull; skb_mac_header; skb_reset_mac_header,sk_buff; skb_shared_info,,,
bf7780df648105d40e1fdbb0566defda3605ed93,net/core/gro.c,2,skb_eth_gso_segment; skb_mac_gso_segment,,,,
bf7780df648105d40e1fdbb0566defda3605ed93,net/core/dev.c,3,__skb_gso_segment; validate_xmit_skb; validate_xmit_skb_list,,,,
bf7780df648105d40e1fdbb0566defda3605ed93,net/sched/sch_generic.c,1,sch_direct_xmit,,,,
bf7780df648105d40e1fdbb0566defda3605ed93,net/packet/af_packet.c,2,packet_sendmsg; packet_snd,,,,
ca2299cf11b3e3d3d0f44ac479410a14eecbd326,lib/idr.c,5,idr_alloc; idr_alloc_u32; idr_find; idr_remove,idr,,,
ca2299cf11b3e3d3d0f44ac479410a14eecbd326,net/qrtr/qrtr.c,5,__qrtr_bind; qrtr_bind; qrtr_port_assign,qrtr_node; qrtr_sock,,,
ca2299cf11b3e3d3d0f44ac479410a14eecbd326,include/linux/idr.h,2,,idr,,IDR_RT_MARKER,
cd246a3e7f0fd69a115b910b3b2cf6fa96351278,fs/nilfs2/btree.c,7,nilfs_btree_get_nonroot_node; nilfs_btree_insert; nilfs_btree_node_get_nchildren; nilfs_btree_node_set_nchildren; nilfs_btree_prepare_insert,nilfs_btree_node; nilfs_btree_path,,,
cd246a3e7f0fd69a115b910b3b2cf6fa96351278,fs/nilfs2/bmap.c,3,nilfs_bmap_do_insert; nilfs_bmap_insert; nilfs_get_block,,,,
cd246a3e7f0fd69a115b910b3b2cf6fa96351278,fs/nilfs2/inode.c,2,nilfs_get_block; nilfs_write_begin,,,,
cd246a3e7f0fd69a115b910b3b2cf6fa96351278,fs/buffer.c,2,__block_write_begin_int; block_write_begin,,,,
cdf00205127303ca523678fbb9d7eb7613632dba,fs/io_uring.c,11,__io_uring_free; io_cancel_defer_files; io_ring_ctx_free; io_ring_ctx_ref_free; io_ring_ctx_wait_and_kill; io_uring_cancel_files; io_uring_cancel_task_requests; io_uring_release,io_kiocb; io_ring_ctx; io_uring_task,,,
d21cb12ee03822236d82ba4e83a1f8968e7832fb,mm/filemap.c,5,filemap_fault; folio_put; folio_put_testzero; page_ref_count; put_page_testzero,,,,
d21cb12ee03822236d82ba4e83a1f8968e7832fb,include/linux/mm.h,3,folio_put_testzero; page_ref_count; put_page_testzero,,,,
d21cb12ee03822236d82ba4e83a1f8968e7832fb,include/linux/page_ref.h,2,folio_ref_count; page_ref_count,,,,
d21cb12ee03822236d82ba4e83a1f8968e7832fb,include/linux/atomic/atomic-instrumented.h,1,atomic_read,,,,
d21cb12ee03822236d82ba4e83a1f8968e7832fb,include/linux/instrumented.h,1,instrument_atomic_read,,,,
d2ad6548d6f4f8f52f8fa250310fb027f04cfd18,net/ieee802154/nl802154.c,5,nl802154_prep_scan_msg; nl802154_send_scan_msg; nl802154_trigger_scan,cfg802154_registered_device; wpan_dev,,,
d2ad6548d6f4f8f52f8fa250310fb027f04cfd18,include/net/netlink.h,3,nla_get_u8,nla_policy; nlattr,,,
d2ad6548d6f4f8f52f8fa250310fb027f04cfd18,net/ieee802154/nl_policy.c,1,,nla_policy,,,
d2ad6548d6f4f8f52f8fa250310fb027f04cfd18,net/ieee802154/core.c,2,wpan_phy_to_rdev,cfg802154_ops,,,
d524c1aac21f8ea2759b6314c2e48bfa230c38b0,net/rds/rdma.c,3,__rds_rdma_map; rds_get_mr; rds_rdma_extra_size,,,,
d524c1aac21f8ea2759b6314c2e48bfa230c38b0,net/rds/send.c,2,rds_rm_size; rds_sendmsg,,,,
d524c1aac21f8ea2759b6314c2e48bfa230c38b0,mm/page_alloc.c,2,__alloc_pages_nodemask; alloc_pages_current,,,,
d524c1aac21f8ea2759b6314c2e48bfa230c38b0,mm/slab_common.c,2,kmalloc_order; kmalloc_order_trace,,,,
d524c1aac21f8ea2759b6314c2e48bfa230c38b0,include/linux/gfp.h,2,alloc_pages,,,__GFP_DIRECT_RECLAIM,
d524c1aac21f8ea2759b6314c2e48bfa230c38b0,mm/mempolicy.c,1,alloc_pages_vma,,,,
d58fe2a53afa4ffbfaf3df368acb70d137e46c9f,fs/f2fs/f2fs.h,4,inline_data_addr,f2fs_inode; f2fs_sb_info,,F2FS_INODE,
d58fe2a53afa4ffbfaf3df368acb70d137e46c9f,fs/f2fs/inode.c,4,__recover_inline_status; do_read_inode; f2fs_iget; sanity_check_inode,,,,
d58fe2a53afa4ffbfaf3df368acb70d137e46c9f,fs/f2fs/checkpoint.c,2,f2fs_get_valid_checkpoint; validate_checkpoint,,,,
d58fe2a53afa4ffbfaf3df368acb70d137e46c9f,fs/f2fs/recovery.c,2,find_fsync_dnodes; recover_inode,,,,
d58fe2a53afa4ffbfaf3df368acb70d137e46c9f,lib/ubsan.c,3,__ubsan_handle_out_of_bounds; ubsan_epilogue; ubsan_prologue,,,,
daa1858cc0258eb026f89eecf342f6b3fdad7b05,net/sched/em_cmp.c,2,em_cmp_match,tcf_em_cmp,,,
daa1858cc0258eb026f89eecf342f6b3fdad7b05,net/sched/ematch.c,4,__tcf_em_tree_match; tcf_em_match,tcf_ematch; tcf_ematch_tree,,,
daa1858cc0258eb026f89eecf342f6b3fdad7b05,net/sched/cls_api.c,2,__tcf_classify; tcf_classify,,,,
daa1858cc0258eb026f89eecf342f6b3fdad7b05,net/sched/cls_basic.c,1,basic_classify,,,,
daa1858cc0258eb026f89eecf342f6b3fdad7b05,net/core/dev.c,2,__dev_queue_xmit; dev_queue_xmit,,,,
daa1858cc0258eb026f89eecf342f6b3fdad7b05,net/ipv6/addrconf.c,1,addrconf_dad_work,,,,
daa1858cc0258eb026f89eecf342f6b3fdad7b05,kernel/workqueue.c,1,process_one_work,,,,
de88544daafacdbc8ec3b2d75ca9e7e0f03346e0,net/ipv4/tcp_input.c,7,tcp_enter_loss; tcp_fastretrans_alert; tcp_process_loss; tcp_retransmit_timer; tcp_timeout_mark_lost,tcp_options_received; tcp_sock,,,
de88544daafacdbc8ec3b2d75ca9e7e0f03346e0,net/ipv4/tcp_timer.c,2,tcp_retransmit_timer; tcp_write_timer_handler,,,,
de88544daafacdbc8ec3b2d75ca9e7e0f03346e0,net/ipv4/tcp_output.c,2,tcp_send_loss_probe; tcp_xmit_retransmit_queue,,,,
de88544daafacdbc8ec3b2d75ca9e7e0f03346e0,include/net/tcp.h,3,,tcp_sock,,TCP_CA_Loss; TCP_CA_Recovery,
deb061ff946b02c2f4821f91683d89a68b2f45f8,fs/hfsplus/inode.c,4,hfsplus_cat_write_inode; hfsplus_inode_write_fork; hfsplus_mark_inode_dirty,hfsplus_inode_info,,,
deb061ff946b02c2f4821f91683d89a68b2f45f8,fs/hfsplus/catalog.c,5,hfsplus_cat_build_record; hfsplus_cat_set_perms; hfsplus_fill_cat_thread,hfsplus_cat_file; hfsplus_cat_folder,,,
deb061ff946b02c2f4821f91683d89a68b2f45f8,fs/hfsplus/hfsplus_fs.h,3,,hfsplus_sb_info,,HFSPLUS_I; HFSPLUS_SB,
deb061ff946b02c2f4821f91683d89a68b2f45f8,fs/fs-writeback.c,2,__writeback_single_inode; write_inode,,,,
e58343393efd3e0657ca37cf4466fc38d1f4d4df,drivers/dma-buf/udmabuf.c,3,put_sg_table; release_udmabuf,udmabuf,,,
e58343393efd3e0657ca37cf4466fc38d1f4d4df,include/linux/dma-mapping.h,2,dma_unmap_sgtable,sg_table,,,
e58343393efd3e0657ca37cf4466fc38d1f4d4df,drivers/dma-buf/dma-buf.c,2,dma_buf_release,dma_buf,,,
e58343393efd3e0657ca37cf4466fc38d1f4d4df,kernel/dma/mapping.c,2,dma_map_sgtable; dma_unmap_sg_attrs,,,,
e6028c53b349b6a97a83fe01a2013ac52db59710,fs/read_write.c,5,__kernel_read; kernel_read; vfs_read,file; iovec,,,
e6028c53b349b6a97a83fe01a2013ac52db59710,net/9p/trans_fd.c,4,p9_fd_read; p9_read_work,p9_conn; p9_trans_fd,,,
e6028c53b349b6a97a83fe01a2013ac52db59710,kernel/workqueue.c,4,process_one_work; worker_thread,work_struct; workqueue_struct,,,
e6028c53b349b6a97a83fe01a2013ac52db59710,kernel/panic.c,2,__warn; panic,,,,
e6028c53b349b6a97a83fe01a2013ac52db59710,lib/dump_stack.c,1,dump_stack,,,,
ee107e687b29b99d101ba328f28abfad4e58a91a,block/bsg.c,3,bsg_register_queue; bsg_unregister_queue,bsg_device,,,
ee107e687b29b99d101ba328f28abfad4e58a91a,drivers/scsi/scsi_sysfs.c,2,scsi_sysfs_add_devices; scsi_sysfs_add_sdev,,,,
ee107e687b29b99d101ba328f28abfad4e58a91a,drivers/base/core.c,3,dev_set_name; device_add; device_private_init,,,,
ee107e687b29b99d101ba328f28abfad4e58a91a,drivers/scsi/scsi_scan.c,2,do_scan_async; scsi_finish_async_scan,,,,
ee107e687b29b99d101ba328f28abfad4e58a91a,fs/char_dev.c,1,cdev_device_add,,,,
ee107e687b29b99d101ba328f28abfad4e58a91a,mm/util.c,2,kstrdup; kstrdup_const,,,,
ee107e687b29b99d101ba328f28abfad4e58a91a,include/linux/slab.h,2,,,,kmalloc; kzalloc,
f1b41b503f18f268d11e52f80deffcd0c62e0865,net/mac80211/sta_info.c,5,sta_info_alloc; sta_info_insert; sta_info_insert_check; sta_info_insert_rcu,sta_info,,,
f1b41b503f18f268d11e52f80deffcd0c62e0865,net/mac80211/ibss.c,3,ieee80211_ibss_finish_sta; ieee80211_ibss_work; ieee80211_sta_join_ibss,,,,
f1b41b503f18f268d11e52f80deffcd0c62e0865,net/mac80211/iface.c,1,ieee80211_iface_work,,,,
f1b41b503f18f268d11e52f80deffcd0c62e0865,net/mac80211/ieee80211_i.h,2,,ieee80211_local; ieee80211_sub_if_data,,,
f1b41b503f18f268d11e52f80deffcd0c62e0865,include/net/mac80211.h,2,,ieee80211_hw; ieee80211_vif,,,
f55849742bdcdf58f6eaae61e747ac00e5c061f4,include/linux/swapops.h,4,make_pte_marker; make_pte_marker_entry,,,PTE_MARKER_MASK; PTE_MARKER_UFFD_WP,
f55849742bdcdf58f6eaae61e747ac00e5c061f4,mm/mprotect.c,6,change_p4d_range; change_pmd_range; change_protection; change_protection_range; change_pte_range; change_pud_range,,,,
f55849742bdcdf58f6eaae61e747ac00e5c061f4,mm/userfaultfd.c,2,mwriteprotect_range; uffd_wp_range,,,,
f55849742bdcdf58f6eaae61e747ac00e5c061f4,fs/userfaultfd.c,1,userfaultfd_writeprotect,,,,
f7c5a86e747f9b7ce333e7295875cd4ede2c7a0d,net/xdp/xdp_umem.c,4,xdp_umem_create; xdp_umem_pin_pages; xdp_umem_reg,xdp_umem,,,
f7c5a86e747f9b7ce333e7295875cd4ede2c7a0d,net/xdp/xsk.c,2,xsk_rcv; xsk_setsockopt,,,,
f7c5a86e747f9b7ce333e7295875cd4ede2c7a0d,mm/util.c,1,kvmalloc_node,,,,
f7c5a86e747f9b7ce333e7295875cd4ede2c7a0d,include/linux/slab.h,3,kvcalloc; kvmalloc; kvmalloc_array,,,,
f7c5a86e747f9b7ce333e7295875cd4ede2c7a0d,mm/vmalloc.c,1,__vmalloc_node_range,,,,
11cb6eec3ac0b37e657e8af0612342e140379e49,drivers/bluetooth/hci_vhci.c,4,vhci_get_user; vhci_release; vhci_write,vhci_data,,,
11cb6eec3ac0b37e657e8af0612342e140379e49,include/net/bluetooth/bluetooth.h,1,bt_skb_alloc,,,,
11cb6eec3ac0b37e657e8af0612342e140379e49,net/core/skbuff.c,3,__alloc_skb; kfree_skb,sk_buff,,,
11cb6eec3ac0b37e657e8af0612342e140379e49,mm/slub.c,2,kmem_cache_alloc; kmem_cache_free,,,,
1fbd9fd0ef463a9811d2c5b7d206f119cf259601,net/smc/smc_sysctl.c,3,smc_sysctl_net_exit; smc_sysctl_net_init,ctl_table,,,
1fbd9fd0ef463a9811d2c5b7d206f119cf259601,net/smc/af_smc.c,2,smc_net_exit; smc_net_init,,,,
1fbd9fd0ef463a9811d2c5b7d206f119cf259601,mm/util.c,1,kmemdup,,,,
1fbd9fd0ef463a9811d2c5b7d206f119cf259601,include/linux/fortify-string.h,1,kmemdup,,,,
223c64b1a2c03f0d67d64fdf69606ee2d5e26672,net/batman-adv/network-coding.c,5,batadv_nc_init_bat_priv; batadv_nc_init_orig; batadv_nc_mesh_free,batadv_priv_nc; batadv_tp_vars,,,
223c64b1a2c03f0d67d64fdf69606ee2d5e26672,kernel/time/timer.c,3,debug_timer_assert_init; del_timer,timer_list,,,
223c64b1a2c03f0d67d64fdf69606ee2d5e26672,lib/debugobjects.c,3,debug_object_assert_init; debug_print_object,debug_obj,,,
223c64b1a2c03f0d67d64fdf69606ee2d5e26672,net/batman-adv/main.c,2,batadv_mesh_free; batadv_mesh_init,,,,
2e1943a94647f7732dd6fc60368642d6e8dc91b1,net/bluetooth/hci_core.c,5,hci_add_acl_hdr; hci_queue_acl; hci_send_acl,hci_chan; hci_conn,,,
2e1943a94647f7732dd6fc60368642d6e8dc91b1,net/bluetooth/hci_conn.c,4,hci_chan_create; hci_chan_del; hci_chan_lookup_handle,hci_chan,,,
2e1943a94647f7732dd6fc60368642d6e8dc91b1,net/bluetooth/l2cap_core.c,5,l2cap_bredr_sig_cmd; l2cap_move_channel_rsp; l2cap_move_fail; l2cap_recv_frame; l2cap_send_cmd,,,,
2e1943a94647f7732dd6fc60368642d6e8dc91b1,mm/kasan/report.c,3,__kasan_report; kasan_report; print_address_description,,,,
362b5b49fced29361c0ba3007a2b3e5cd13776b5,drivers/infiniband/core/cma.c,10,__list_add_valid; __rdma_create_id; _cma_cancel_listens; cma_cancel_listens; cma_cancel_operation; cma_listen_on_all; cma_release_dev; rdma_create_user_id; rdma_listen; ucma_close_id,,,,
362b5b49fced29361c0ba3007a2b3e5cd13776b5,include/linux/list.h,2,__list_add; list_add_tail,,,,
362b5b49fced29361c0ba3007a2b3e5cd13776b5,lib/list_debug.c,1,__list_add_valid,,,,
64182208616de0ae5ebd9b1652cb213485d61fce,net/nfc/netlink.c,3,nfc_genl_se_io; se_io_cb,se_io_ctx,,,
64182208616de0ae5ebd9b1652cb213485d61fce,include/net/nfc/nfc.h,2,,nfc_dev; nfc_se,,,
64182208616de0ae5ebd9b1652cb213485d61fce,mm/slab_common.c,2,kfree; kmalloc_trace,,,,
64182208616de0ae5ebd9b1652cb213485d61fce,include/linux/slab.h,3,kmalloc; kzalloc,,,__GFP_ZERO,
64182208616de0ae5ebd9b1652cb213485d61fce,net/netlink/genetlink.c,1,genl_family_rcv_msg_doit,,,,
64bdf1f25f8db3d754e7b56c4d0f63a17edd8839,net/can/j1939/transport.c,8,j1939_session_cancel; j1939_session_deactivate; j1939_session_deactivate_activate_next; j1939_session_put; j1939_tp_rxtimer; j1939_xtp_rx_abort_one,j1939_priv; j1939_session,,,
64bdf1f25f8db3d754e7b56c4d0f63a17edd8839,net/can/j1939/main.c,1,j1939_can_recv,,,,
64bdf1f25f8db3d754e7b56c4d0f63a17edd8839,net/core/dev.c,1,net_rx_action,,,,
64bdf1f25f8db3d754e7b56c4d0f63a17edd8839,kernel/softirq.c,2,__do_softirq; run_ksoftirqd,,,,
64bdf1f25f8db3d754e7b56c4d0f63a17edd8839,kernel/smpboot.c,1,smpboot_thread_fn,,,,
6bb7224cd01f8742533b486573005f65d512fdf6,net/sctp/stream_sched_prio.c,5,sctp_sched_prio_free; sctp_sched_prio_get_head; sctp_sched_prio_new_head; sctp_sched_prio_set,sctp_stream_priorities,,,
6bb7224cd01f8742533b486573005f65d512fdf6,net/sctp/stream.c,2,sctp_stream_free; sctp_stream_init_ext,,,,
6bb7224cd01f8742533b486573005f65d512fdf6,net/sctp/socket.c,1,sctp_sendmsg_to_asoc,,,,
6bb7224cd01f8742533b486573005f65d512fdf6,include/net/sctp/stream_sched.h,1,,sctp_sched_ops,,,
6c4345574ac937d9ccc195fdadb44f7cc95a19f9,net/netfilter/nf_tables_api.c,5,nf_tables_addchain; nf_tables_newchain; nft_chain_parse_hook; nft_chain_parse_netdev; nft_netdev_hook_alloc,,,,
6c4345574ac937d9ccc195fdadb44f7cc95a19f9,include/net/netfilter/nf_tables.h,2,,nft_chain_hook; nft_hook,,,
6c4345574ac937d9ccc195fdadb44f7cc95a19f9,mm/slab.h,2,kfree; kmalloc,,,,
76c0afb6e24e6dc4093c36801d0b3a61b486ec4d,fs/nilfs2/segment.c,6,nilfs_segctor_collect; nilfs_segctor_do_construct; nilfs_segctor_do_flush; nilfs_segctor_truncate_segments,nilfs_sc_info; nilfs_segment_buffer,,,
76c0afb6e24e6dc4093c36801d0b3a61b486ec4d,fs/nilfs2/sufile.c,5,nilfs_sufile_get_segment_usage_block; nilfs_sufile_set_error; nilfs_sufile_update,nilfs_segment_usage; nilfs_sufile_header,,,
76c0afb6e24e6dc4093c36801d0b3a61b486ec4d,fs/nilfs2/sufile.h,2,nilfs_sufile_get_nsegments,,,NILFS_SUI,
76c0afb6e24e6dc4093c36801d0b3a61b486ec4d,fs/nilfs2/the_nilfs.h,1,,the_nilfs,,,
7c512c7b421b211e4408a4bc7ac759e3a3eb0d44,net/qrtr/qrtr.c,4,qrtr_create; qrtr_release,qrtr_node; qrtr_sock,,,
7c512c7b421b211e4408a4bc7ac759e3a3eb0d44,net/core/sock.c,5,__sk_free; sk_alloc; sk_free; sk_prot_alloc,sock,,,
7c512c7b421b211e4408a4bc7ac759e3a3eb0d44,mm/slab_common.c,2,kmem_cache_alloc; kmem_cache_free,,,,
7c512c7b421b211e4408a4bc7ac759e3a3eb0d44,mm/slub.c,2,slab_alloc; slab_free,,,,
7d3c28ba3d4bf4b26e89ed1f1ca146e0223a2d36,security/keys/keyctl.c,2,__do_sys_keyctl; keyctl_watch_key,,,,
7d3c28ba3d4bf4b26e89ed1f1ca146e0223a2d36,kernel/watch_queue.c,8,__put_watch; __put_watch_queue; free_watch; put_watch; put_watch_queue; watch_queue_pipe_buf_release,watch; watch_queue,,,
7d3c28ba3d4bf4b26e89ed1f1ca146e0223a2d36,mm/slab.c,2,kmem_cache_alloc; kmem_cache_free,,,,
802aba2422de4218ad0c01b46c9525cc9d4e4aa3,net/netfilter/nf_tables_api.c,7,__nf_tables_abort; nf_tables_commit_release; nf_tables_exit_net; nf_tables_trans_destroy_work; nft_commit_release,nft_trans; nftables_pernet,,,
802aba2422de4218ad0c01b46c9525cc9d4e4aa3,net/core/net_namespace.c,3,cleanup_net; ops_exit_list,pernet_operations,,,
802aba2422de4218ad0c01b46c9525cc9d4e4aa3,net/netfilter/nf_internals.h,2,nf_hook_entries_delete_raw; nf_unregister_net_hooks,,,,
95277dbea9484baea60662d0243a93011a21ceb5,net/bridge/netfilter/ebtables.c,11,__ebt_unregister_table; do_replace_finish; ebt_free_table_info; ebt_unregister_table; translate_table,ebt_replace; ebt_replace_kernel; ebt_table; ebt_table_info,ebt_mutex,COUNTER_OFFSET,
a1a049fcf154a2c466232111c09a030ac656a833,drivers/net/wireguard/send.c,8,calculate_skb_padding; encrypt_packet; wg_packet_encrypt_worker,crypt_queue; message_data; wg_peer,DATA_PACKET_HEAD_ROOM; MAX_SKB_FRAGS,,
a1a049fcf154a2c466232111c09a030ac656a833,drivers/net/wireguard/noise.c,3,wg_noise_keypair_get,noise_keypair; noise_keypairs,,,
a1a049fcf154a2c466232111c09a030ac656a833,include/linux/skbuff.h,4,skb_cow_data; skb_push,sk_buff; skb_shared_info,,,
ab98490c0e3b48a71b7c203ee51366c99ceeda84,net/netfilter/nf_tables_api.c,8,nf_tables_flowtable_parse_hook; nf_tables_newflowtable; nf_tables_parse_netdev_hooks; nft_netdev_hook_alloc; nft_netdev_register_hooks; nft_netdev_unregister_hooks,nft_flowtable; nft_hook,,,
ab98490c0e3b48a71b7c203ee51366c99ceeda84,net/netfilter/nf_tables.h,2,,nft_flowtable; nft_hook,,,
bf3e592d3ed61b8f86b8ffba072adcde5485a5f6,mm/slab.c,5,__kmem_cache_alloc_lru; kmem_cache_alloc; slab_alloc; slab_post_alloc_hook; slab_pre_alloc_hook,,,,
bf3e592d3ed61b8f86b8ffba072adcde5485a5f6,include/linux/sched/mm.h,3,fs_reclaim_acquire; fs_reclaim_release; might_alloc,,,,
bf3e592d3ed61b8f86b8ffba072adcde5485a5f6,mm/page_alloc.c,2,__fs_reclaim_acquire; fs_reclaim_acquire,,,,
bf3e592d3ed61b8f86b8ffba072adcde5485a5f6,kernel/locking/lockdep.c,3,lock_acquire; mark_lock_irq; print_usage_bug,,,,
bf3e592d3ed61b8f86b8ffba072adcde5485a5f6,fs/notify/fanotify/fanotify.c,3,fanotify_alloc_event; fanotify_alloc_fid_event; fanotify_handle_event,,,,
bf3e592d3ed61b8f86b8ffba072adcde5485a5f6,kernel/softirq.c,3,__do_softirq; __irq_exit_rcu; invoke_softirq,,,,
cfec079d55325bc20e929c60cc2dca149448f9b1,kernel/watch_queue.c,4,__put_watch_queue; watch_queue_clear; watch_queue_set_size,watch_queue,,,
cfec079d55325bc20e929c60cc2dca149448f9b1,fs/pipe.c,3,free_pipe_info; pipe_ioctl,pipe_inode_info,,,
cfec079d55325bc20e929c60cc2dca149448f9b1,include/linux/slab.h,2,kcalloc; kmalloc_array,,,,
cfec079d55325bc20e929c60cc2dca149448f9b1,include/linux/pipe_fs_i.h,2,,pipe_buf_operations; pipe_buffer,,,
cfec079d55325bc20e929c60cc2dca149448f9b1,fs/ioctl.c,1,vfs_ioctl,,,,
12be9aa373be9d8727cdd172f190de39528a413a,security/selinux/hooks.c,6,security_socket_recvmsg; selinux_sk_alloc_security; selinux_sk_free_security; selinux_socket_recvmsg; sock_has_perm; sock_recvmsg,,,,
12be9aa373be9d8727cdd172f190de39528a413a,net/socket.c,3,__sys_recvfrom; sock_recvmsg; sock_recvmsg_nosec,,,,
12be9aa373be9d8727cdd172f190de39528a413a,net/mptcp/protocol.c,1,mptcp_recvmsg,,,,
12be9aa373be9d8727cdd172f190de39528a413a,net/ipv4/af_inet.c,1,inet_recvmsg,,,,
12be9aa373be9d8727cdd172f190de39528a413a,security/selinux/include/objsec.h,4,,sk_security_struct; sock_security_struct; task_security_struct,selinux_blob_sizes,,
12be9aa373be9d8727cdd172f190de39528a413a,include/linux/security.h,2,security_socket_recvmsg,,,SOCKET__RECVMSG,
12be9aa373be9d8727cdd172f190de39528a413a,include/net/sock.h,2,,sock,sk_security,,
12be9aa373be9d8727cdd172f190de39528a413a,mm/kasan/report.c,2,kasan_report; print_address_description,,,,
789df5b54ebd19aec0b5c3900c933d1910db8ec5,fs/ext4/xattr.c,5,ext4_expand_extra_isize_ea; ext4_xattr_block_set; ext4_xattr_make_inode_space; ext4_xattr_move_to_block; ext4_xattr_set_entry,,,,
789df5b54ebd19aec0b5c3900c933d1910db8ec5,fs/ext4/inode.c,5,__ext4_expand_extra_isize; __ext4_mark_inode_dirty; ext4_inline_data_truncate; ext4_truncate; ext4_try_to_expand_extra_isize,,,,
789df5b54ebd19aec0b5c3900c933d1910db8ec5,mm/page_alloc.c,2,__alloc_pages; __kmalloc_large_node,,,,
789df5b54ebd19aec0b5c3900c933d1910db8ec5,fs/ext4/orphan.c,2,ext4_orphan_cleanup; ext4_process_orphan,,,,
949ecf93b67ab1df8f890571d24ef9db50872c96,net/core/dev.c,8,__dev_get_by_name; dev_get_by_name; dev_hold; dev_put; netdev_wait_allrefs; unregister_netdevice; unregister_netdevice_many; unregister_netdevice_queue,,,,
949ecf93b67ab1df8f890571d24ef9db50872c96,drivers/net/loopback.c,2,loopback_setup; loopback_xmit,,,,
949ecf93b67ab1df8f890571d24ef9db50872c96,include/linux/netdevice.h,4,,net_device,pcpu_refcnt,dev_hold; dev_put,
d92cc44e8c8ce5af6d2bea9f7a73cee791989fc8,fs/ext4/xattr.c,4,ext4_xattr_block_csum_set; ext4_xattr_block_csum_verify; ext4_xattr_inode_iget; ext4_xattr_inode_set_class,,,,
d92cc44e8c8ce5af6d2bea9f7a73cee791989fc8,fs/ext4/inode.c,2,__ext4_mark_inode_dirty; ext4_evict_inode,,,,
d92cc44e8c8ce5af6d2bea9f7a73cee791989fc8,kernel/locking/lockdep.c,3,lockdep_init_map_type; look_up_lock_class; register_lock_class,,,,
d92cc44e8c8ce5af6d2bea9f7a73cee791989fc8,fs/ext4/ext4.h,2,,,,EXT4_STATE_XATTR; EXT4_XATTR_MAGIC,
d92cc44e8c8ce5af6d2bea9f7a73cee791989fc8,fs/ext4/super.c,1,ext4_feature_set_ok,,,,
e2907149c69cbccae0842eb502b8af4f6fac52a0,fs/xfs/libxfs/xfs_btree.c,4,xfs_btree_lookup; xfs_btree_lookup_get_block; xfs_btree_query_range; xfs_btree_simple_query_range,,,,
e2907149c69cbccae0842eb502b8af4f6fac52a0,fs/xfs/libxfs/xfs_refcount.c,3,xfs_refcount_get_rec; xfs_refcount_query_range; xfs_refcount_recover_cow_leftovers,,,,
e2907149c69cbccae0842eb502b8af4f6fac52a0,fs/xfs/libxfs/xfs_refcount_btree.c,2,xfs_refcountbt_init_cursor; xfs_refcountbt_recs_inorder,,,,
e2907149c69cbccae0842eb502b8af4f6fac52a0,fs/xfs/xfs_reflink.c,1,xfs_reflink_recover_cow,,,,
e2907149c69cbccae0842eb502b8af4f6fac52a0,fs/xfs/xfs_log_recover.c,1,xlog_recover_finish,,,,
e9d3ca982b76224e183481018baa693a26655ac4,fs/ext4/inline.c,3,ext4_add_entry; ext4_try_add_inline_entry; ext4_update_inline_data,,,,
e9d3ca982b76224e183481018baa693a26655ac4,fs/ext4/namei.c,3,ext4_add_entry; ext4_add_nondir; ext4_create,,,,
e9d3ca982b76224e183481018baa693a26655ac4,mm/page_alloc.c,3,__alloc_pages; __kmalloc_large_node; alloc_pages_node,,,,
e9d3ca982b76224e183481018baa693a26655ac4,mm/slab_common.c,2,__kmalloc_large_node; kmalloc,,,,
e9d3ca982b76224e183481018baa693a26655ac4,include/linux/gfp.h,2,,,,GFP_NOFS; __GFP_DIRECT_RECLAIM,
e9d3ca982b76224e183481018baa693a26655ac4,fs/ext4/ext4.h,2,,,,EXT4_MIN_INLINE_DATA_SIZE; EXT4_STATE_MAY_INLINE_DATA,
ffb9228cab75ad9d812af93d19e9637873d18439,net/ipv4/ip_gre.c,5,__gre_xmit; __ipgre_rcv; gre_handle_offloads; ipgre_rcv; ipgre_xmit,,,,
ffb9228cab75ad9d812af93d19e9637873d18439,include/linux/skbuff.h,3,skb_transport_header; skb_transport_offset,,,SKB_GSO_GRE_CSUM,
ffb9228cab75ad9d812af93d19e9637873d18439,net/core/dev.c,3,__dev_queue_xmit; dev_hard_start_xmit; validate_xmit_skb,,,,
ffb9228cab75ad9d812af93d19e9637873d18439,net/ipv4/ip_tunnel.c,2,ip_md_tunnel_xmit; ip_tunnel_xmit,,,,
ffb9228cab75ad9d812af93d19e9637873d18439,include/net/ip_tunnels.h,2,,ip_tunnel_info; ip_tunnel_key,,,
14f3125f37b7c76896b25c222159f6c205ff7e08,net/mac80211/cfg.c,5,ieee80211_add_key; ieee80211_del_key; ieee80211_get_key; ieee80211_key_alloc; ieee80211_key_replace,,,,
14f3125f37b7c76896b25c222159f6c205ff7e08,net/mac80211/key.h,2,,ieee80211_key; ieee80211_key_conf,,,
14f3125f37b7c76896b25c222159f6c205ff7e08,net/mac80211/key.c,6,__ieee80211_key_destroy; ieee80211_key_disable_hw_accel; ieee80211_key_enable_hw_accel,,,NUM_DEFAULT_BEACON_KEYS; NUM_DEFAULT_KEYS; NUM_DEFAULT_MGMT_KEYS,
14f3125f37b7c76896b25c222159f6c205ff7e08,include/net/mac80211.h,2,,ieee80211_local; ieee80211_sub_if_data,,,
cd95cb722bfa1234ac4c78345c8953ee2e7170d0,fs/ext4/extents.c,12,__ext4_ext_check; __ext4_ext_dirty; ext4_ext_binsearch; ext4_ext_binsearch_idx; ext4_ext_get_access; ext4_find_extent; ext4_valid_extent; ext4_valid_extent_entries; ext4_valid_extent_idx,ext4_ext_path; ext4_extent; ext4_extent_header,,,
cd95cb722bfa1234ac4c78345c8953ee2e7170d0,fs/ext4/inode.c,3,ext4_da_get_block_prep; ext4_da_map_blocks; ext4_insert_delayed_block,,,,
cd95cb722bfa1234ac4c78345c8953ee2e7170d0,fs/ext4/ext4.h,2,,ext4_map_blocks,,EXT4_EXT_MAGIC,
4a547542bb29dc957c096f0c95ef9154e93d68d3,fs/ext4/indirect.c,4,ext4_block_to_path; ext4_clear_blocks; ext4_free_branches; ext4_ind_remove_space,,,,
4a547542bb29dc957c096f0c95ef9154e93d68d3,fs/ext4/inode.c,3,ext4_get_block; ext4_map_blocks; ext4_punch_hole,,,,
4a547542bb29dc957c096f0c95ef9154e93d68d3,fs/ext4/extents.c,4,ext4_ext_map_blocks; ext4_ext_rm_leaf; ext4_fallocate; ext4_remove_blocks,,,,
4a547542bb29dc957c096f0c95ef9154e93d68d3,fs/ext4/ext4.h,1,,ext4_inode,,,
625eef83808cdc8a4d6775801b04e985eb32fcf7,fs/btrfs/ordered-data.c,5,btrfs_add_ordered_extent; btrfs_alloc_ordered_extent; btrfs_put_ordered_extent; btrfs_remove_ordered_extent; btrfs_split_ordered_extent,,,,
625eef83808cdc8a4d6775801b04e985eb32fcf7,fs/btrfs/inode.c,5,btrfs_dio_submit_io; btrfs_dio_write; btrfs_do_write_iter; btrfs_extract_ordered_extent; btrfs_finish_ordered_io,,,,
625eef83808cdc8a4d6775801b04e985eb32fcf7,fs/iomap/direct-io.c,2,__iomap_dio_rw; iomap_dio_bio_iter,,,,
6e185619b66eae1ef09684c5f6e283d6cfb5ba84,fs/btrfs/file.c,8,btrfs_do_write_iter; btrfs_drop_extents; btrfs_run_delalloc_range; btrfs_sync_file; cow_file_range; cow_file_range_inline; fallback_to_cow; run_delalloc_nocow,,,,
6e185619b66eae1ef09684c5f6e283d6cfb5ba84,fs/btrfs/inode.c,5,btrfs_run_delalloc_range; cow_file_range; cow_file_range_inline; fallback_to_cow; run_delalloc_nocow,,,,
6e185619b66eae1ef09684c5f6e283d6cfb5ba84,fs/btrfs/extent_io.c,4,__extent_writepage; extent_write_cache_pages; extent_writepages; writepage_delalloc,,,,
6e185619b66eae1ef09684c5f6e283d6cfb5ba84,fs/btrfs/ordered-data.c,2,btrfs_add_ordered_extent; btrfs_mark_ordered_io_finished,,,,
f1d54f488af5e3967ea8e664e514cb1c2820db45,fs/btrfs/extent-io-tree.c,6,__clear_extent_bit; clear_state_bit; extent_io_tree_panic; insert_state; merge_state; tree_search,,,,
f1d54f488af5e3967ea8e664e514cb1c2820db45,fs/btrfs/extent_io.c,2,try_release_extent_mapping; try_release_extent_state,,,,
f1d54f488af5e3967ea8e664e514cb1c2820db45,fs/btrfs/inode.c,2,__btrfs_release_folio; btrfs_release_folio,,,,
0784eb04ffd5b9955880826669badef2ffb32285,fs/btrfs/ordered-data.c,4,btrfs_finish_ordered_extent; btrfs_put_ordered_extent; btrfs_queue_ordered_fn; btrfs_remove_ordered_extent,,,,
0784eb04ffd5b9955880826669badef2ffb32285,fs/btrfs/inode.c,5,btrfs_dio_end_io; btrfs_dio_write; btrfs_direct_write; btrfs_finish_ordered_io; btrfs_writepage_endio_finish_ordered,,,,
0784eb04ffd5b9955880826669badef2ffb32285,fs/btrfs/ordered-data.h,1,btrfs_ordered_inode_tree_init,,,,
0784eb04ffd5b9955880826669badef2ffb32285,fs/iomap/direct-io.c,3,__iomap_dio_rw; iomap_dio_bio_iter; iomap_dio_submit_bio,,,,
0784eb04ffd5b9955880826669badef2ffb32285,fs/btrfs/file.c,1,btrfs_do_write_iter,,,,
8b2a08dfbd25fd933d75,kernel/bpf/verifier.c,5,bpf_log; bpf_verifier_log_write; bpf_verifier_vlog; bpf_vlog_reset; verbose,,,,
8b2a08dfbd25fd933d75,kernel/bpf/btf.c,3,__btf_verifier_log; __btf_verifier_log_type; btf_func_proto_check_meta,,,,
8b2a08dfbd25fd933d75,include/linux/bpf_verifier.h,2,bpf_verifier_log_full; bpf_verifier_log_needed,,,,
5b82f0e951f8c2bcdb8f,fs/btrfs/ordered-data.c,3,btrfs_finish_ordered_extent; btrfs_put_ordered_extent; btrfs_remove_ordered_extent,,,,
5b82f0e951f8c2bcdb8f,fs/btrfs/inode.c,3,btrfs_dio_end_io; btrfs_dio_submit_io; btrfs_dio_write,,,,
5b82f0e951f8c2bcdb8f,fs/btrfs/file.c,2,btrfs_direct_write; btrfs_do_write_iter,,,,
5b82f0e951f8c2bcdb8f,fs/iomap/direct-io.c,2,iomap_dio_bio_iter; iomap_dio_submit_bio,,,,
c203af981f0f7cc27debda75f35d852546cc6013,net/ipv6/ip6_gre.c,5,__gre6_xmit; ip6erspan_tunnel_xmit; prepare_ip6gre_xmit_ipv4; prepare_ip6gre_xmit_ipv6; prepare_ip6gre_xmit_other,,,,
c203af981f0f7cc27debda75f35d852546cc6013,include/linux/skbuff.h,2,skb_mac_header,sk_buff,,,
c203af981f0f7cc27debda75f35d852546cc6013,net/core/dev.c,2,__dev_direct_xmit; dev_direct_xmit,,,,
c203af981f0f7cc27debda75f35d852546cc6013,net/packet/af_packet.c,2,packet_direct_xmit; packet_snd,,,,
c203af981f0f7cc27debda75f35d852546cc6013,include/linux/netdevice.h,2,__netdev_start_xmit; netdev_start_xmit,,,,
ea8d2792959aee015d8eb96d362df0c7a0d5130e,net/core/flow_dissector.c,3,__skb_flow_dissect; skb_flow_dissect_flow_keys_basic; skb_get_poff,,,,
ea8d2792959aee015d8eb96d362df0c7a0d5130e,net/core/filter.c,2,____bpf_skb_get_pay_offset; bpf_skb_get_pay_offset,,,,
ea8d2792959aee015d8eb96d362df0c7a0d5130e,include/linux/skbuff.h,1,skb_flow_dissect_flow_keys_basic,,,,
ea8d2792959aee015d8eb96d362df0c7a0d5130e,include/net/flow_dissector.h,2,dissector_uses_key; flow_keys_have_l4,,,,
7e9494b8b399902e994e,fs/xfs/libxfs/xfs_btree.c,4,xfs_btree_lookup; xfs_btree_lookup_get_block; xfs_btree_query_range; xfs_btree_simple_query_range,,,,
7e9494b8b399902e994e,fs/xfs/libxfs/xfs_refcount.c,3,xfs_refcount_get_rec; xfs_refcount_lookup_le; xfs_refcount_recover_cow_leftovers,,,,
7e9494b8b399902e994e,fs/xfs/libxfs/xfs_refcount_btree.c,2,xfs_refcountbt_init_cursor; xfs_refcountbt_read_verify,,,,
7e9494b8b399902e994e,fs/xfs/xfs_reflink.c,1,xfs_reflink_recover_cow,,,,
7e9494b8b399902e994e,fs/xfs/xfs_log_recover.c,1,xlog_recover_finish,,,,
12e098239d20385264d3,fs/read_write.c,3,__kernel_write; __kernel_write_iter; kernel_write,,,,
12e098239d20385264d3,fs/btrfs/send.c,4,btrfs_ioctl_send; send_header; send_subvol; write_buf,,,,
12e098239d20385264d3,fs/btrfs/ioctl.c,2,_btrfs_ioctl_send; btrfs_ioctl,,,,
68223fe9f6c95ad43bed,fs/ext4/mballoc.c,4,ext4_mb_complex_scan_group; ext4_mb_new_blocks; ext4_mb_regular_allocator; mb_find_extent,,,,
68223fe9f6c95ad43bed,fs/ext4/super.c,2,__ext4_fill_super; ext4_fill_super,,,,
68223fe9f6c95ad43bed,fs/ext4/orphan.c,2,ext4_orphan_cleanup; ext4_process_orphan,,,,
68223fe9f6c95ad43bed,fs/ext4/inode.c,2,ext4_getblk; ext4_map_blocks,,,,
4d99a966fd74bdeeec36,fs/ext4/xattr.c,3,ext4_expand_extra_isize_ea; ext4_xattr_make_inode_space; ext4_xattr_move_to_block,,,,
4d99a966fd74bdeeec36,fs/ext4/inode.c,4,__ext4_expand_extra_isize; __ext4_mark_inode_dirty; ext4_truncate; ext4_try_to_expand_extra_isize,,,,
4d99a966fd74bdeeec36,fs/ext4/orphan.c,2,ext4_orphan_cleanup; ext4_process_orphan,,,,
4d99a966fd74bdeeec36,mm/page_alloc.c,1,__alloc_pages,,,,
9c37714c07194d816417,fs/btrfs/transaction.c,4,btrfs_commit_transaction; btrfs_end_transaction; btrfs_start_transaction; cleanup_transaction,,,,
9c37714c07194d816417,fs/btrfs/super.c,1,btrfs_sync_fs,,,,
9c37714c07194d816417,fs/btrfs/free-space-tree.c,2,btrfs_clear_free_space_tree; load_free_space_tree,,,,
9c37714c07194d816417,fs/btrfs/ctree.h,2,,,,BTRFS_FREE_SPACE_TREE; BTRFS_FREE_SPACE_TREE_VALID,
9c37714c07194d816417,fs/btrfs/disk-io.c,2,btrfs_check_super_csum; btrfs_validate_super,,,,
9c37714c07194d816417,fs/btrfs/block-group.c,2,btrfs_delete_unused_bgs; btrfs_remove_block_group,,,,
5ea725c25d06fb9114c4,include/linux/skbuff.h,2,skb_assert_len,,,SKB_WARN_ON,
5ea725c25d06fb9114c4,net/core/dev.c,3,__dev_queue_xmit; dev_hard_start_xmit; validate_xmit_skb,,,,
5ea725c25d06fb9114c4,net/core/filter.c,3,__bpf_redirect; __bpf_tx_skb; bpf_clone_redirect,,,,
5ea725c25d06fb9114c4,net/core/skbuff.c,3,skb_checksum_setup; skb_copy; skb_ensure_writable,,,,
560e6a32d484d7293e37,fs/btrfs/extent-tree.c,7,__btrfs_free_extent; __btrfs_run_delayed_refs; btrfs_run_delayed_refs; btrfs_run_delayed_refs_for_head; do_free_extent_accounting; run_delayed_tree_ref; run_one_delayed_ref,,,,
560e6a32d484d7293e37,fs/btrfs/transaction.c,1,btrfs_commit_transaction,,,,
560e6a32d484d7293e37,fs/btrfs/delayed-ref.c,2,btrfs_add_delayed_tree_ref; btrfs_merge_delayed_refs,,,,
77e4f005cb899d4268d1,fs/nilfs2/segment.c,5,nilfs_segctor_construct; nilfs_segctor_do_construct; nilfs_segctor_prepare_write; nilfs_segctor_thread; nilfs_segctor_thread_construct,,,,
77e4f005cb899d4268d1,fs/nilfs2/page.c,2,__nilfs_get_page_block; nilfs_grab_buffer,,,,
77e4f005cb899d4268d1,include/linux/pagemap.h,2,lock_page; trylock_page,,,,
77e4f005cb899d4268d1,include/linux/page-flags.h,2,PageLocked; _compound_head,,,,
77e4f005cb899d4268d1,mm/filemap.c,1,__folio_lock,,,,
0b6b2d6d6cefa8b462930e55be699efba635788f,net/netfilter/core.c,3,__nf_unregister_net_hook; nf_remove_net_hook; nf_unregister_net_hook,,,,
0b6b2d6d6cefa8b462930e55be699efba635788f,net/netfilter/nf_tables_api.c,4,__nft_release_basechain; __nft_release_hook; nf_tables_unregister_hook; nft_netdev_unregister_hooks,,,,
0b6b2d6d6cefa8b462930e55be699efba635788f,net/netfilter/nft_chain_filter.c,1,nf_tables_netdev_event,,,,
0b6b2d6d6cefa8b462930e55be699efba635788f,net/core/dev.c,2,call_netdevice_notifiers; unregister_netdevice_many,,,,
